4.42,4.429,4.648,4.0231
4.294,4.296,4.523,3.9033
4.294,4.304,4.511,3.8918
4.234,4.264,4.461,3.8651
4.235,4.268,4.469,3.8311
4.261,4.294,4.493,3.7822
4.201,4.258,4.442,3.8215
4.205,4.27,4.467,3.8837
4.2,4.268,4.462,3.7835
4.16,4.226,4.412,3.7647
4.131,4.202,4.386,3.6751
4.083,4.167,4.346,3.7345
4.076,4.155,4.331,3.6211
4.076,4.151,4.329,3.6297
4.019,4.093,4.282,3.6296
4.103,4.178,4.374,3.4332
4.005,4.081,4.285,3.598
4.115,4.189,4.404,3.7018
4.096,4.173,4.381,3.5494
4.072,4.142,4.33,3.5806
4.119,4.192,4.38,3.6769
4.142,4.216,4.401,3.6656
4.054,4.132,4.311,3.5931
4.032,4.111,4.285,3.5926
4.045,4.119,4.302,3.6444
3.963,4.031,4.229,3.5701
4.011,4.085,4.28,3.5885
3.995,4.061,4.264,3.7569
3.973,4.04,4.239,3.6428
3.979,4.043,4.25,3.6144
4.063,4.133,4.33,3.6579
4.07,4.135,4.334,3.7282
4.121,4.169,4.378,3.8163
4.079,4.12,4.346,3.7686
4.138,4.171,4.395,3.7686
4.116,4.152,4.379,3.8959
4.148,4.195,4.423,3.8902
4.131,4.191,4.414,3.7706
4.124,4.188,4.417,3.8015
4.156,4.231,4.469,3.8964
4.193,4.264,4.503,3.8596
4.203,4.275,4.515,3.8481
4.11,4.168,4.427,3.6697
4.008,4.064,4.328,3.5092
3.994,4.052,4.327,3.5468
3.977,4.027,4.324,3.6242
4.081,4.113,4.435,3.668
4.038,4.077,4.413,3.5826
4.033,4.087,4.43,3.5317
3.957,4.029,4.379,3.4549
3.981,4.073,4.395,3.5921
3.955,4.049,4.371,3.4604
3.96,4.056,4.383,3.5261
3.934,4.139,4.36,3.4679
3.908,4.125,4.334,3.3061
3.996,4.186,4.366,3.4828
3.966,4.148,4.322,3.3282
3.955,4.128,4.314,3.3336
3.957,4.135,4.313,3.3335
3.958,4.136,4.302,3.5563
4.08,4.231,4.42,3.5053
4.097,4.246,4.434,3.4602
4.143,4.282,4.471,3.528
4.148,4.27,4.461,3.4414
4.11,4.223,4.421,3.4096
4.165,4.273,4.439,3.5583
4.178,4.27,4.444,3.5963
4.177,4.287,4.464,3.5773
4.137,4.253,4.426,3.4657
4.252,4.325,4.482,3.5356
4.254,4.335,4.511,3.5564
4.235,4.319,4.497,3.4807
4.225,4.309,4.487,3.5394
4.144,4.231,4.404,3.4694
4.142,4.23,4.43,3.5109
4.202,4.292,4.497,3.6003
4.278,4.371,4.571,3.6886
4.314,4.407,4.593,3.7273
4.36,4.45,4.606,3.7061
4.332,4.425,4.589,3.7255
4.357,4.445,4.63,3.6908
4.354,4.44,4.629,3.7314
4.392,4.477,4.672,3.8249
4.383,4.447,4.648,3.8703
4.409,4.467,4.66,3.8252
4.35,4.413,4.601,3.8194
4.328,4.389,4.577,3.7279
4.317,4.379,4.57,3.763
4.394,4.46,4.632,3.8551
4.353,4.42,4.59,3.867
4.331,4.393,4.576,3.9164
4.366,4.43,4.593,3.8475
4.261,4.33,4.518,3.7748
4.208,4.284,4.479,3.7692
4.229,4.31,4.503,3.7974
4.311,4.39,4.56,3.9131
4.379,4.449,4.617,3.9112
4.406,4.466,4.647,3.8144
4.361,4.417,4.6,3.8446
4.408,4.467,4.645,3.8294
4.377,4.439,4.626,3.7746
4.447,4.501,4.694,3.8067
4.471,4.53,4.719,3.9111
4.451,4.501,4.708,3.8425
4.468,4.517,4.724,3.8425
4.488,4.539,4.753,3.9188
4.528,4.571,4.798,4.0033
4.616,4.647,4.885,4.075
4.592,4.62,4.857,4.0595
4.537,4.576,4.814,3.9571
4.611,4.658,4.881,3.8939
4.572,4.619,4.841,3.9764
4.653,4.713,4.918,4.0383
4.607,4.687,4.914,3.9092
4.699,4.78,5.028,3.9977
4.729,4.81,5.072,4.1027
4.757,4.836,5.081,4.0735
4.797,4.884,5.121,4.2108
4.825,4.926,5.182,4.2565
4.815,4.918,5.178,4.2666
4.789,4.902,5.149,4.1973
4.785,4.889,5.128,4.1363
4.844,4.93,5.179,4.2073
4.79,4.888,5.14,4.1641
4.771,4.866,5.133,4.1641
4.778,4.871,5.149,4.0818
4.786,4.882,5.149,4.0994
4.703,4.791,5.072,4.033
4.712,4.803,5.092,3.9652
4.81,4.901,5.171,3.969
4.791,4.882,5.151,4.002
4.834,4.918,5.169,3.9575
4.741,4.831,5.075,3.975
4.688,4.774,5.014,3.975
4.627,4.715,4.955,3.8995
4.628,4.716,4.949,3.8822
4.618,4.687,4.936,3.8112
4.602,4.672,4.932,3.7959
4.629,4.709,4.949,3.9576
4.594,4.682,4.931,3.8553
4.592,4.695,4.942,3.8188
4.603,4.714,4.95,3.9344
4.66,4.773,4.997,3.9907
4.785,4.898,5.111,4.0828
4.823,4.953,5.152,4.0416
4.816,4.946,5.152,4.0987
4.823,4.949,5.165,4.1165
4.732,4.868,5.085,3.9968
4.78,4.91,5.131,4.0969
4.693,4.831,5.047,4.0008
4.647,4.782,5.021,4.038
4.594,4.732,4.965,4.0439
4.534,4.672,4.903,3.9462
4.525,4.665,4.896,3.9307
4.519,4.657,4.884,3.9619
4.494,4.638,4.851,4.0167
4.516,4.661,4.864,4.0501
4.429,4.58,4.778,3.92
4.424,4.584,4.764,3.9276
4.436,4.601,4.779,3.9904
4.392,4.565,4.76,3.8954
4.377,4.551,4.752,3.9314
4.378,4.549,4.749,3.886
4.343,4.515,4.721,3.8349
4.328,4.497,4.704,3.8104
4.352,4.527,4.799,3.8292
4.308,4.484,4.749,3.8009
4.363,4.535,4.788,3.8291
4.407,4.578,4.831,3.8704
4.309,4.481,4.753,3.7837
4.301,4.476,4.756,3.7743
4.369,4.542,4.822,3.763
4.38,4.548,4.819,3.7779
4.38,4.548,4.819,3.8116
4.332,4.502,4.769,3.8115
4.348,4.518,4.776,3.7326
4.347,4.517,4.776,3.699
4.279,4.451,4.715,3.6227
4.231,4.424,4.683,3.6986
4.292,4.498,4.744,3.6743
4.283,4.473,4.731,3.5668
4.289,4.483,4.736,3.6295
4.311,4.503,4.757,3.6425
4.409,4.598,4.838,3.7187
4.309,4.519,4.766,3.3868
4.274,4.506,4.743,3.4357
4.292,4.53,4.777,3.4137
4.353,4.605,4.854,3.5437
4.48,4.724,4.935,3.8105
4.522,4.749,4.941,3.8351
4.493,4.727,4.931,3.7991
4.415,4.646,4.857,3.8104
4.474,4.701,4.915,3.854
4.419,4.635,4.884,3.852
4.288,4.555,4.871,3.5776
4.345,4.595,4.896,3.8234
4.326,4.55,4.832,3.7382
4.251,4.487,4.757,3.6276
4.229,4.475,4.724,3.6031
4.043,4.306,4.576,3.4532
4.042,4.312,4.581,3.5028
4.099,4.403,4.659,3.6401
4.164,4.485,4.738,3.785
4.299,4.636,4.869,3.8705
4.349,4.694,4.88,3.978
4.343,4.676,4.856,4.0772
4.32,4.595,4.81,3.9453
4.28,4.544,4.774,3.9569
4.233,4.505,4.743,3.9299
4.226,4.503,4.731,3.8416
4.157,4.423,4.693,3.7388
4.054,4.328,4.629,3.594
4.059,4.343,4.656,3.6745
4.028,4.369,4.674,3.6856
4.051,4.378,4.722,3.6874
4.058,4.368,4.753,3.8336
4.132,4.424,4.903,3.8546
4.127,4.448,4.984,3.9645
4.302,4.607,5.148,3.953
4.262,4.546,5.027,3.9141
4.235,4.53,4.873,3.7247
4.183,4.449,4.783,3.7019
4.031,4.328,4.675,3.6886
3.972,4.243,4.609,3.7929
3.967,4.243,4.598,3.7432
3.951,4.224,4.62,3.7432
3.923,4.182,4.664,3.6466
4.044,4.198,4.691,3.8525
3.996,4.135,4.62,3.7349
3.998,4.157,4.681,3.6484
3.96,4.137,4.651,3.5293
3.879,4.04,4.552,3.3205
3.785,3.88,4.441,3.0131
3.809,3.888,4.461,3.1974
3.874,3.952,4.485,3.3236
3.785,3.901,4.439,3.1078
3.704,3.873,4.401,2.9784
3.711,3.899,4.459,2.9778
3.678,3.89,4.462,2.92
3.62,3.868,4.42,2.7309
3.503,3.764,4.312,2.6724
3.482,3.748,4.294,2.6585
3.549,3.856,4.426,2.5513
3.502,3.809,4.436,2.7037
3.636,3.954,4.534,2.7378
3.71,4.019,4.54,2.6399
3.65,3.992,4.477,2.6824
3.645,3.985,4.492,2.6019
3.732,4.073,4.619,2.5705
3.655,4.01,4.571,2.5127
3.611,3.963,4.46,2.2558
3.465,3.83,4.328,2.1915
3.452,3.819,4.322,2.0788
3.472,3.84,4.36,2.1231
3.405,3.788,4.308,2.17
3.408,3.8,4.291,2.1729
3.404,3.796,4.29,2.182
3.403,3.796,4.29,2.1809
3.403,3.796,4.29,2.1318
3.363,3.76,4.323,2.0989
3.41,3.815,4.375,2.053
3.414,3.811,4.382,2.2123
3.415,3.811,4.381,2.2123
3.391,3.794,4.316,2.3688
3.467,3.847,4.32,2.4812
3.619,3.987,4.456,2.4454
3.642,3.996,4.444,2.4942
3.58,3.92,4.385,2.4398
3.472,3.842,4.331,2.39
3.467,3.895,4.372,2.3044
3.48,3.976,4.398,2.2924
3.423,3.943,4.397,2.1993
3.395,4.037,4.409,2.2055
3.44,4.118,4.399,2.3187
3.524,4.152,4.421,2.3184
3.561,4.198,4.514,2.3771
3.572,4.232,4.567,2.536
3.681,4.321,4.653,2.5922
3.793,4.419,4.789,2.6172
3.887,4.477,4.837,2.6411
3.807,4.397,4.846,2.5274
3.731,4.364,4.767,2.6665
3.756,4.354,4.683,2.8586
3.806,4.394,4.714,2.8403
3.799,4.386,4.626,2.7226
3.824,4.39,4.608,2.884
3.796,4.311,4.531,2.9353
3.778,4.263,4.567,2.912
3.792,4.271,4.568,2.9917
3.813,4.21,4.545,2.9844
3.751,4.342,4.53,2.8136
3.645,4.225,4.514,2.7537
3.562,4.249,4.491,2.7824
3.596,4.276,4.578,2.8894
3.555,4.291,4.584,2.8895
3.512,4.255,4.55,2.6479
3.516,4.211,4.501,2.7554
3.602,4.275,4.482,2.8531
3.528,4.164,4.435,2.7879
3.524,4.143,4.445,2.7536
3.515,4.164,4.504,2.7951
3.529,4.17,4.565,2.9263
3.664,4.308,4.674,2.9908
3.661,4.284,4.681,3.0131
3.592,4.211,4.597,2.8624
3.631,4.208,4.608,2.8771
3.719,4.228,4.634,2.9745
3.596,4.064,4.511,2.8115
3.537,4.027,4.486,2.8717
3.564,3.999,4.46,2.8589
3.624,4.041,4.494,3.0044
3.664,4.071,4.525,2.9048
3.595,4.032,4.523,2.8535
3.609,4.063,4.517,2.8902
3.66,4.127,4.516,2.9529
3.703,4.182,4.524,3.0066
3.733,4.216,4.532,2.533
3.584,4.093,4.388,2.6023
3.51,4.021,4.262,2.6344
3.556,4.043,4.338,2.6523
3.66,4.157,4.45,2.701
3.635,4.131,4.394,2.7844
3.605,4.081,4.381,2.7389
3.584,4.049,4.367,2.7571
3.579,4.056,4.427,2.7117
3.553,4.051,4.394,2.6629
3.553,4.056,4.338,2.6539
3.725,4.166,4.435,2.7662
3.746,4.161,4.404,2.8853
3.709,4.097,4.399,2.9223
3.722,4.133,4.443,2.8965
3.725,4.149,4.44,2.8559
3.752,4.165,4.44,2.9207
3.733,4.146,4.426,2.9226
3.732,4.143,4.426,2.8579
3.691,4.101,4.392,2.7845
3.633,4.064,4.331,2.7644
3.662,4.066,4.321,2.8303
3.744,4.13,4.365,2.9451
3.626,4.011,4.306,2.8359
3.624,4.009,4.337,2.8969
3.652,4.033,4.366,2.9397
3.636,4.008,4.309,2.9193
3.615,4.007,4.31,2.9903
3.59,3.981,4.296,2.9083
3.575,3.956,4.294,3.0073
3.554,3.905,4.274,3.1073
3.59,3.926,4.277,3.1187
3.59,3.919,4.276,3.1533
3.627,3.959,4.253,3.1514
3.596,3.909,4.195,3.1592
3.625,3.928,4.202,3.1612
3.765,4.027,4.231,3.3341
3.802,4.041,4.252,3.2856
3.746,3.981,4.228,3.1654
3.783,4.022,4.318,3.1727
3.733,3.972,4.31,3.1195
3.723,3.996,4.321,3.0884
3.762,4.045,4.294,3.1341
3.763,4.032,4.291,3.23
3.82,4.112,4.318,3.243
3.81,4.099,4.302,3.1912
3.821,4.112,4.308,3.3644
3.869,4.205,4.368,3.4495
3.918,4.277,4.404,3.4496
3.941,4.293,4.448,3.5467
3.95,4.281,4.461,3.7381
4.011,4.33,4.544,3.6122
3.953,4.285,4.483,3.4594
4.013,4.358,4.494,3.6726
3.991,4.414,4.509,3.6127
3.914,4.336,4.475,3.5398
3.989,4.45,4.578,3.7099
4.053,4.464,4.618,3.8279
4.003,4.406,4.686,3.8736
3.965,4.37,4.688,3.8559
4.006,4.422,4.736,3.9455
4.014,4.429,4.74,3.8543
3.965,4.383,4.687,3.7916
3.868,4.301,4.602,3.7113
3.876,4.322,4.623,3.6588
3.836,4.304,4.591,3.6882
3.899,4.341,4.627,3.8277
3.845,4.273,4.582,3.7808
3.8,4.24,4.58,3.681
3.834,4.243,4.612,3.6208
3.814,4.204,4.567,3.6851
3.787,4.167,4.542,3.5398
3.756,4.143,4.508,3.5363
3.719,4.117,4.432,3.4768
3.729,4.131,4.434,3.5326
3.759,4.151,4.441,3.5365
3.687,4.057,4.384,3.4946
3.703,4.076,4.39,3.4985
3.67,4.036,4.386,3.5063
3.757,4.056,4.425,3.4544
3.728,4.06,4.433,3.3081
3.74,4.083,4.462,3.403
3.698,4.046,4.451,3.3026
3.706,4.067,4.455,3.35
3.734,4.093,4.467,3.4703
3.791,4.12,4.458,3.6038
3.753,4.085,4.413,3.5689
3.809,4.138,4.41,3.6433
3.795,4.076,4.368,3.6063
3.73,4.009,4.318,3.4824
3.73,4.005,4.315,3.5443
3.762,4.042,4.353,3.6555
3.773,4.052,4.379,3.6578
3.773,4.057,4.346,3.7189
3.706,4,4.283,3.6856
3.696,3.991,4.264,3.6582
3.696,3.976,4.253,3.6074
3.569,3.846,4.16,3.4796
3.618,3.892,4.172,3.6333
3.622,3.897,4.163,3.6845
3.604,3.903,4.147,3.7459
3.641,3.927,4.163,3.7501
3.751,4.002,4.213,3.8502
3.685,3.929,4.152,3.7765
3.667,3.921,4.188,3.6677
3.67,3.93,4.192,3.7172
3.645,3.893,4.196,3.595
3.555,3.831,4.141,3.5688
3.529,3.82,4.122,3.4684
3.543,3.811,4.113,3.5092
3.525,3.786,4.107,3.4517
3.518,3.775,4.083,3.4313
3.564,3.812,4.081,3.5649
3.556,3.802,4.112,3.4755
3.524,3.763,4.062,3.4348
3.492,3.728,4.04,3.4329
3.504,3.741,4.034,3.4531
3.52,3.755,4.054,3.4456
3.537,3.775,4.076,3.3975
3.545,3.819,4.09,3.3625
3.554,3.834,4.106,3.3056
3.59,3.888,4.142,3.344
3.583,3.873,4.139,3.4378
3.583,3.9,4.149,3.4415
3.622,3.927,4.161,3.4823
3.676,3.959,4.168,3.4711
3.607,3.863,4.114,3.3472
3.529,3.786,4.038,3.347
3.55,3.835,4.06,3.4208
3.56,3.844,4.06,3.4541
3.596,3.875,4.062,3.469
3.621,3.887,4.08,3.3836
3.628,3.901,4.075,3.4632
3.645,3.91,4.09,3.4799
3.659,3.902,4.101,3.4445
3.624,3.868,4.105,3.4184
3.564,3.794,4.038,3.3813
3.525,3.768,4,3.3184
3.533,3.78,4.009,3.2797
3.513,3.78,3.998,3.2906
3.537,3.808,4.015,3.3053
3.526,3.794,4.114,3.179
3.481,3.762,4.06,3.2188
3.473,3.752,4.048,3.2205
3.506,3.78,4.062,3.2552
3.469,3.747,4.023,3.182
3.458,3.727,4.002,3.2477
3.533,3.795,4.062,3.3802
3.514,3.778,4.053,3.3783
3.526,3.798,4.078,3.3468
3.581,3.843,4.128,3.4136
3.649,3.902,4.202,3.4565
3.618,3.872,4.17,3.4115
3.619,3.867,4.158,3.3891
3.548,3.803,4.09,3.3407
3.61,3.856,4.157,3.3853
3.579,3.834,4.143,3.4132
3.622,3.873,4.19,3.49
3.627,3.867,4.181,3.5542
3.55,3.8,4.096,3.4448
3.541,3.787,4.082,3.4148
3.621,3.87,4.147,3.4974
3.533,3.788,4.074,3.3828
3.542,3.784,4.063,3.4145
3.571,3.816,4.083,3.4652
3.605,3.856,4.111,3.5237
3.629,3.882,4.123,3.5236
3.649,3.895,4.132,3.4971
3.598,3.85,4.086,3.4857
3.565,3.81,4.042,3.4724
3.567,3.807,4.037,3.4831
3.588,3.826,4.052,3.4438
3.619,3.873,4.098,3.4177
3.582,3.848,4.07,3.3343
3.533,3.786,4.023,3.3232
3.547,3.812,4.04,3.3638
3.55,3.824,4.06,3.3361
3.534,3.826,4.061,3.3656
3.552,3.84,4.062,3.3489
3.513,3.817,4.047,3.3027
3.517,3.821,4.06,3.2695
3.439,3.761,4.054,3.2694
3.434,3.776,4.039,3.2051
3.419,3.747,4.017,3.1978
3.414,3.733,3.987,3.2822
3.422,3.744,3.981,3.3099
3.446,3.75,3.988,3.3842
3.487,3.781,3.999,3.4722
3.443,3.744,3.952,3.429
3.412,3.747,3.968,3.3804
3.424,3.832,4.012,3.4328
3.464,3.864,4.032,3.4967
3.471,3.835,4.028,3.5498
3.436,3.797,4.008,3.548
3.478,3.847,4.035,3.5861
3.423,3.789,3.997,3.5975
3.383,3.788,3.967,3.478
3.383,3.842,3.977,3.5368
3.438,3.931,4.038,3.6745
3.492,3.923,4.027,3.7538
3.526,3.95,4.044,3.7481
3.525,3.943,4.048,3.8029
3.522,3.941,4.046,3.803
3.56,3.958,4.064,3.8402
3.563,3.955,4.103,3.7972
3.595,3.975,4.141,3.7856
3.593,3.978,4.142,3.8368
3.594,3.978,4.142,3.835
3.605,3.97,4.108,3.8155
3.592,3.965,4.101,3.7608
3.607,4.003,4.12,3.8215
3.581,3.983,4.094,3.8235
3.572,3.955,4.078,3.8297
3.543,3.963,4.057,3.818
3.523,3.948,4.055,3.7108
3.528,3.962,4.089,3.7908
3.54,3.996,4.104,3.7382
3.504,3.966,4.073,3.6744
3.49,3.973,4.06,3.6745
3.512,4.008,4.063,3.6919
3.477,4.019,4.075,3.6474
3.454,4.009,4.075,3.5858
3.463,4.03,4.078,3.6071
3.452,3.957,4.046,3.6265
3.437,4.033,4.024,3.6188
3.447,4.103,4.086,3.6479
3.462,4.187,4.149,3.6344
3.461,4.12,4.115,3.5844
3.447,4.028,4.049,3.6501
3.454,4.056,4.056,3.6405
3.482,4.112,4.079,3.7047
3.43,4.13,4.064,3.6058
3.483,4.121,4.064,3.5654
3.505,4.144,4.095,3.5597
3.547,4.061,4.053,3.6448
3.521,3.988,4.022,3.6897
3.533,3.994,4.042,3.7155
3.498,3.988,4.055,3.6928
3.52,4.027,4.064,3.6909
3.523,4.015,4.06,3.6569
3.508,3.996,4.046,3.7307
3.539,4.029,4.068,3.8012
3.568,4.036,4.093,3.7726
3.537,3.996,4.09,3.7955
3.439,3.911,4.029,3.6834
3.413,3.891,4.023,3.6909
3.405,3.906,4.046,3.6324
3.403,3.861,3.996,3.6117
3.406,3.821,3.977,3.6079
3.411,3.854,3.969,3.6041
3.433,3.87,3.968,3.6173
3.425,3.874,3.959,3.6022
3.446,3.865,3.955,3.6796
3.453,3.849,3.954,3.7157
3.434,3.842,3.935,3.7005
3.451,3.841,3.933,3.7215
3.475,3.872,3.958,3.7272
3.462,3.866,3.958,3.7006
3.448,3.874,3.952,3.6949
3.422,3.856,3.934,3.6493
3.407,3.847,3.916,3.6361
3.432,3.885,3.946,3.6759
3.42,3.885,3.954,3.6892
3.392,3.854,3.934,3.6588
3.374,3.824,3.91,3.6854
3.412,3.833,3.92,3.8524
3.481,3.869,3.936,3.8777
3.476,3.835,3.922,3.8468
3.456,3.827,3.918,3.8643
3.438,3.819,3.897,3.8566
3.42,3.816,3.981,3.8257
3.401,3.805,3.952,3.8685
3.397,3.801,3.948,3.9446
3.398,3.806,3.948,3.9859
3.473,3.879,4.013,3.9505
3.444,3.875,4.004,3.8531
3.416,3.86,3.987,3.8901
3.462,3.881,3.999,3.8825
3.462,3.844,3.986,3.8417
3.435,3.85,3.98,3.8204
3.427,3.858,3.986,3.8593
3.422,3.848,3.973,3.8321
3.377,3.833,3.949,3.7626
3.377,3.843,3.95,3.7974
3.393,3.863,3.962,3.7993
3.385,3.87,3.974,3.7356
3.376,3.94,3.999,3.7723
3.371,3.981,4.009,3.8092
3.36,4.051,4.023,3.8054
3.266,4.064,4.048,3.6877
3.322,4.119,4.114,3.7628
3.332,4.053,4.069,3.7243
3.289,4.03,4.015,3.6532
3.328,4.036,4.002,3.682
3.23,4.105,4.007,3.5902
3.15,4.178,4.066,3.5388
3.134,4.422,4.282,3.3938
3.15,4.439,4.268,3.4255
3.224,3.927,3.969,3.5406
3.216,3.927,3.953,3.5235
3.207,3.914,3.933,3.571
3.189,3.93,3.867,3.5261
3.116,3.944,3.903,3.4534
3.121,3.987,3.899,3.4869
3.078,4,3.898,3.3462
3.013,4.024,3.893,3.3682
2.932,4.071,3.959,3.2126
2.919,4.052,3.934,3.2379
2.911,4.06,3.909,3.1942
2.85,4.135,3.958,3.1578
2.917,4.197,4.019,3.1886
2.962,4.228,4.099,3.3605
2.941,4.212,4.135,3.2922
2.921,4.258,4.144,3.2848
2.962,4.327,4.173,3.2591
2.976,4.422,4.252,3.34
3.027,4.518,4.291,3.3639
3.011,4.528,4.254,3.2023
3.052,4.601,4.331,3.1422
3.068,4.594,4.293,3.1857
3.057,4.571,4.139,3.1729
3.071,4.475,4.021,3.3193
3.025,4.462,4.028,3.2346
3.094,4.68,4.08,3.2529
3.11,4.738,4.041,3.3025
3.116,4.882,4.051,3.2601
3.093,4.774,4.024,3.1887
3.11,4.592,3.976,3.2195
3.107,4.464,3.98,3.2414
3.067,4.517,4.018,3.1664
3.079,4.54,4.052,3.119
3.061,4.452,4.033,3.1371
3.092,4.464,4.079,3.1078
3.111,4.536,4.124,3.021
3.067,4.609,4.13,2.9491
3.05,4.561,4.094,2.9311
2.998,4.575,4.078,2.947
2.98,4.523,4.022,2.977
2.923,4.609,4.011,2.9733
2.958,4.672,4.065,2.9302
2.969,4.655,4.083,2.9803
2.978,4.65,4.051,3.0306
2.962,4.693,4.023,3.052
2.931,4.662,4.031,3.0628
2.966,4.646,4.064,3.1208
2.989,4.727,4.123,3.0426
2.993,4.624,4.13,2.9937
2.952,4.462,4.079,2.9215
2.995,4.407,4.052,2.9537
2.973,4.327,4.001,2.9481
2.971,4.317,4.012,2.8782
2.986,4.361,4.022,2.9353
2.998,4.355,4.024,2.9943
3.026,4.243,3.996,2.9924
3.031,4.144,3.974,3.0485
3.012,4.225,3.982,2.985
2.991,4.238,3.973,2.9794
2.945,4.211,3.954,2.9052
2.968,4.16,3.92,2.9609
2.886,4.127,3.873,2.9085
2.871,4.144,3.857,2.9498
2.82,4.114,3.833,2.9011
2.772,4.044,3.784,2.8166
2.778,4.032,3.778,2.8289
2.819,4.18,3.854,2.7593
2.722,4.107,3.807,2.6814
2.72,4.18,3.839,2.7455
2.721,4.251,3.872,2.6716
2.661,4.197,3.853,2.5626
2.68,4.103,3.825,2.6321
2.635,4.027,3.751,2.6321
2.604,4.045,3.772,2.575
2.582,4.06,3.785,2.6106
2.596,4.066,3.777,2.5981
2.508,4.02,3.752,2.488
2.482,3.99,3.757,2.534
2.486,4.015,3.767,2.4755
2.535,4.058,3.775,2.6447
2.471,4.061,3.794,2.5285
2.467,4.048,3.826,2.4683
2.559,4.033,3.799,2.573
2.569,4.01,3.802,2.6231
2.633,4.025,3.808,2.697
2.635,4.077,3.814,2.7025
2.575,4.061,3.797,2.5944
2.594,4.039,3.792,2.6555
2.625,4.056,3.79,2.7588
2.692,4.114,3.837,2.7917
2.718,4.153,3.881,2.748
2.701,4.157,3.871,2.679
2.75,4.161,3.882,2.7207
2.833,4.203,3.912,2.7608
2.781,4.2,3.933,2.7372
2.823,4.229,3.98,2.7026
2.805,4.203,3.934,2.5727
2.71,4.134,3.884,2.5583
2.661,4.122,3.897,2.5511
2.701,4.148,3.925,2.605
2.631,4.137,3.906,2.5242
2.614,4.18,3.937,2.4653
2.627,4.197,3.937,2.5027
2.659,4.123,3.879,2.5098
2.654,4.093,3.862,2.5097
2.635,4.051,3.825,2.4758
2.648,4.059,3.821,2.4722
2.584,4,3.762,2.3976
2.636,4.03,3.789,2.3833
2.668,3.991,3.744,2.392
2.676,3.982,3.729,2.3919
2.659,3.993,3.73,2.4309
2.693,4.027,3.751,2.422
2.7,3.996,3.744,2.5076
2.762,3.988,3.759,2.5597
2.769,4.001,3.762,2.5075
2.802,4.045,3.795,2.4752
2.833,4.058,3.797,2.4788
2.884,4.153,3.863,2.5452
2.874,4.135,3.851,2.5541
2.835,4.066,3.796,2.5613
2.878,4.074,3.823,2.6393
2.929,4.177,3.932,2.7198
2.934,4.191,3.933,2.6576
2.913,4.211,3.942,2.5993
2.882,4.244,3.936,2.6229
2.88,4.289,3.962,2.5866
2.824,4.288,3.942,2.5702
2.826,4.34,3.962,2.489
2.852,4.364,3.976,2.5304
2.847,4.406,4.034,2.5502
2.863,4.393,4.033,2.6558
2.895,4.501,4.102,2.6286
2.897,4.635,4.232,2.6447
2.955,4.531,4.158,2.7871
2.98,4.521,4.149,2.9593
3.044,4.607,4.224,2.84
3.019,4.621,4.213,2.8766
3.116,4.717,4.298,2.895
3.103,4.722,4.251,2.8713
3.059,4.738,4.211,2.8019
3.002,4.897,4.266,2.7729
3.102,5.064,4.343,2.912
3.132,5.175,4.394,2.9085
3.138,5.178,4.417,2.8663
3.213,5.427,4.638,2.8205
3.154,5.503,4.667,2.7968
3.249,5.289,4.51,2.9642
3.237,5.078,4.402,2.9885
3.264,5.051,4.433,3.0055
3.258,5.157,4.5,2.9201
3.32,5.204,4.519,3.1257
3.367,5.234,4.548,3.2723
3.299,5.287,4.539,3.2037
3.296,5.406,4.557,3.319
3.319,5.452,4.586,3.275
3.35,5.514,4.616,3.4727
3.374,5.452,4.56,3.5318
3.413,5.516,4.625,3.4224
3.394,5.518,4.642,3.3279
3.326,5.495,4.624,3.3358
3.339,5.515,4.657,3.3031
3.311,5.47,4.666,3.3458
3.351,5.465,4.695,3.3892
3.35,5.471,4.696,3.3933
3.391,5.462,4.719,3.3294
3.349,5.474,4.752,3.4795
3.413,5.453,4.84,3.3489
3.359,5.45,4.821,3.3646
3.362,5.453,4.815,3.2935
3.341,5.411,4.732,3.3324
3.284,5.317,4.63,3.3287
3.335,5.309,4.645,3.4654
3.348,5.46,4.767,3.3932
3.333,5.507,4.797,3.3237
3.334,5.545,4.846,3.2832
3.362,5.484,4.798,3.3396
3.428,5.454,4.787,3.365
3.416,5.349,4.705,3.2972
3.404,5.332,4.655,3.3231
3.424,5.433,4.72,3.3291
3.492,5.454,4.771,3.3663
3.459,5.349,4.715,3.339
3.503,5.315,4.768,3.4488
3.491,5.173,4.688,3.4042
3.477,5.237,4.665,3.4044
3.471,5.318,4.728,3.3284
3.524,5.407,4.786,3.4146
3.564,5.477,4.811,3.3873
3.522,5.439,4.767,3.3214
3.529,5.35,4.714,3.3704
3.57,5.194,4.634,3.4394
3.608,5.078,4.525,3.4771
3.591,5.169,4.611,3.5488
3.615,5.132,4.598,3.6356
3.62,5.229,4.682,3.6299
3.625,5.292,4.746,3.7373
3.66,5.296,4.753,3.6465
3.658,5.311,4.761,3.6928
3.66,5.354,4.772,3.6288
3.672,5.434,4.819,3.6194
3.665,5.394,4.792,3.6044
3.61,5.316,4.724,3.6193
3.571,5.344,4.731,3.5725
3.614,5.356,4.786,3.5799
3.545,5.341,4.79,3.5874
3.506,5.34,4.803,3.4533
3.498,5.337,4.818,3.4848
3.496,5.353,4.832,3.4477
3.517,5.386,4.844,3.4125
3.542,5.37,4.835,3.4272
3.556,5.341,4.811,3.3921
3.573,5.31,4.794,3.4697
3.69,5.388,4.899,3.5554
3.63,5.373,4.88,3.49
3.62,5.366,4.887,3.5123
3.666,5.466,4.952,3.5477
3.655,5.495,4.985,3.4675
3.613,5.498,4.966,3.3584
3.562,5.414,4.859,3.4025
3.562,5.256,4.778,3.3563
3.47,5.182,4.699,3.303
3.427,5.16,4.683,3.17
3.511,5.227,4.724,3.255
3.525,5.154,4.679,3.2678
3.564,5.138,4.715,3.3282
3.595,5.178,4.763,3.3263
3.594,5.162,4.761,3.3501
3.609,5.16,4.752,3.4037
3.634,5.162,4.752,3.4388
3.638,5.166,4.768,3.4313
3.681,5.194,4.786,3.4872
3.687,5.195,4.776,3.4349
3.71,5.284,4.816,3.4703
3.722,5.302,4.798,3.4422
3.717,5.269,4.75,3.4179
3.737,5.284,4.755,3.4795
3.756,5.221,4.737,3.5452
3.731,5.23,4.74,3.5451
3.779,5.253,4.743,3.5772
3.775,5.229,4.704,3.5847
3.728,5.178,4.657,3.4904
3.734,5.22,4.682,3.4585
3.741,5.311,4.712,3.4979
3.702,5.405,4.726,3.4079
3.61,5.541,4.773,3.3743
3.602,5.495,4.748,3.3631
3.633,5.458,4.735,3.4077
3.602,5.458,4.751,3.3963
3.602,5.458,4.75,3.3907
3.602,5.458,4.75,3.3627
3.607,5.493,4.802,3.307
3.642,5.477,4.809,3.3552
3.574,5.376,4.762,3.3106
3.559,5.278,4.725,3.2863
3.56,5.267,4.701,3.2788
3.592,5.248,4.691,3.2473
3.623,5.246,4.698,3.2159
3.547,5.226,4.673,3.1499
3.499,5.23,4.652,3.1459
3.456,5.311,4.668,3.1604
3.463,5.265,4.631,3.2135
3.464,5.246,4.626,3.1593
3.447,5.208,4.578,3.2225
3.416,5.249,4.601,3.1709
3.455,5.241,4.582,3.147
3.435,5.301,4.602,3.1158
3.468,5.351,4.626,3.1801
3.474,5.383,4.756,3.1709
3.434,5.471,4.768,3.1451
3.398,5.5,4.8,3.1286
3.447,5.46,4.782,3.1139
3.411,5.345,4.724,3.1304
3.352,5.292,4.709,3.0572
3.341,5.313,4.744,3.0735
3.336,5.375,4.8,3.0735
3.385,5.354,4.777,3.0607
3.328,5.311,4.724,2.9408
3.311,5.285,4.683,3.0297
3.353,5.221,4.624,2.9859
3.334,5.258,4.656,2.995
3.405,5.321,4.732,2.9949
3.407,5.364,4.758,2.9387
3.385,5.431,4.804,2.9967
3.331,5.463,4.791,2.9693
3.326,5.484,4.79,2.9838
3.375,5.458,4.763,3.0972
3.339,5.539,4.828,2.9692
3.337,5.649,4.844,2.9274
3.361,5.564,4.813,2.9445
3.383,5.58,4.849,2.958
3.396,5.483,4.81,2.9835
3.355,5.523,4.883,2.9825
3.308,5.623,4.931,2.9116
3.291,5.67,4.973,2.8636
3.346,5.679,4.978,2.9305
3.358,5.624,4.978,3.0308
3.391,5.564,4.941,3.1118
3.404,5.436,4.876,3.16
3.407,5.372,4.862,3.1823
3.401,5.39,4.907,3.1823
3.396,5.474,4.993,3.121
3.482,5.594,5.115,3.108
3.484,5.612,5.171,3.1377
3.411,5.664,5.264,3.0268
3.36,6.007,5.679,2.9189
3.413,5.832,5.562,2.877
3.454,5.801,5.54,2.8824
3.423,5.852,5.626,2.9534
3.364,6.045,5.751,2.9058
3.349,6.293,5.955,2.9276
3.345,6.073,5.721,2.8802
3.38,5.963,5.587,2.9275
3.433,5.709,5.334,3.0136
3.408,5.74,5.392,2.9621
3.385,5.999,5.646,3.0006
3.333,5.934,5.615,2.9529
3.243,5.947,5.75,2.9803
3.269,6.006,5.814,2.9454
3.219,6.059,5.858,2.7961
3.147,6.18,5.998,2.7437
3.167,6.264,6.12,2.6114
3.196,6.231,6.076,2.6202
3.164,6.271,6.189,2.4028
3.146,6.032,6.081,2.5585
3.139,5.138,5.277,2.3179
3.218,5.056,5.162,2.2488
3.064,5.003,5.084,2.1061
3.037,4.979,5.018,2.3399
2.971,4.969,4.999,2.2548
2.952,4.968,5.016,2.3053
2.959,4.966,4.988,2.2196
2.821,4.927,4.913,2.1652
2.735,4.966,4.943,2.0624
2.749,4.942,4.92,2.0623
2.757,4.948,4.958,2.1058
2.784,4.973,4.992,2.153
2.842,4.993,5.032,2.2994
2.861,4.981,5.046,2.2286
2.817,4.986,5.06,2.1899
2.885,4.992,5.076,2.2561
2.818,5.019,5.117,2.1767
2.91,5.03,5.127,2.2234
2.865,5.037,5.141,2.1302
2.755,5.11,5.265,1.9857
2.672,5.238,5.547,1.9857
2.685,5.166,5.48,1.984
2.663,4.981,5.24,2.0429
2.57,5.01,5.26,1.9787
2.479,5.138,5.392,1.9183
2.519,5.308,5.555,1.9475
2.585,5.362,5.688,1.9906
2.668,5.34,5.576,1.9837
2.704,5.383,5.581,2.082
2.599,5.276,5.495,2.0479
2.613,5.329,5.572,1.9506
2.614,5.353,5.696,1.9385
2.611,5.387,5.741,1.8576
2.51,5.275,5.648,1.718
2.552,5.19,5.616,1.8334
2.59,5.145,5.627,1.9002
2.685,5.03,5.577,1.9711
2.718,5.063,5.631,1.9797
2.687,5.082,5.571,1.9962
2.596,5.117,5.531,1.9154
2.563,5.103,5.522,1.756
2.546,5.075,5.48,1.8207
2.653,5.062,5.511,1.8877
2.739,4.989,5.439,1.9872
2.748,4.969,5.507,2.0764
2.861,4.97,5.556,2.0764
2.884,5.008,5.613,2.1496
2.974,5.101,5.721,2.2101
2.951,5.188,5.805,2.1834
3.123,5.227,5.781,2.2477
3.046,5.293,5.789,2.155
3.128,5.337,5.86,2.1763
3.197,5.386,5.898,2.1603
3.144,5.513,6.005,2.1888
3.237,5.453,5.881,2.2192
3.309,5.527,5.938,2.2336
3.174,5.519,5.94,2.1089
3.06,5.46,5.907,2.2041
3.119,5.313,5.867,2.3964
3.151,5.49,6.011,2.3167
3.094,5.526,6.081,2.1133
2.946,5.505,6.18,1.9889
3.081,5.445,6.185,1.9854
3.111,5.482,6.181,2.0734
3.042,5.557,6.35,2.0327
3.075,5.608,6.644,2.0371
3.085,5.602,6.742,2.0769
3.189,5.788,7.226,1.9615
3.456,5.829,6.873,2.0564
3.365,5.82,6.434,2.0564
3.413,6.072,6.688,2.0556
3.672,6.301,7.06,2.0451
3.699,6.38,6.997,2
3.625,6.454,6.816,1.9602
3.457,6.345,6.631,2.0104
3.46,6.513,6.64,1.955
3.522,6.573,6.807,1.917
3.681,6.615,6.956,1.8835
3.704,6.601,7.081,1.8835
3.677,6.666,7.244,1.9635
3.59,6.539,7.212,1.9739
3.51,6.365,7.209,1.9913
3.38,6.201,7.001,2.068
3.09,5.702,6.632,2.0873
3.253,5.626,6.661,2.0331
3.123,5.09,5.94,2.0436
3.227,5.182,5.844,2.0891
3.204,5.397,5.977,2.0296
3.343,5.784,6.444,1.9704
3.256,5.712,6.33,2.0611
3.274,5.75,6.533,2.0121
3.254,5.677,6.655,1.9651
3.181,5.651,6.767,1.9027
3.066,5.392,6.543,1.9079
3.047,5.264,6.549,1.8474
3.086,5.132,6.791,1.8096
3.092,5.03,6.571,1.9233
3.114,5.234,6.745,1.9668
3.061,5.322,6.867,1.9476
2.983,5.322,6.93,2.0244
2.983,5.322,6.93,2.0244
2.957,5.289,6.943,2.0052
2.993,5.109,6.956,1.9162
3.074,5.13,6.991,1.8988
3.137,5.04,7.029,1.8762
3.218,5.064,6.867,1.8762
3.281,5.25,6.885,1.9474
3.305,5.395,6.908,1.9771
3.341,5.601,7.058,1.9946
3.358,5.669,7.1,1.9578
3.306,5.526,7.138,1.9578
3.241,5.451,7.097,1.9683
3.151,5.29,6.964,1.9037
3.032,5.097,6.606,1.9228
3.065,5.19,6.618,1.8636
3.023,5.151,6.601,1.8636
3.11,5.1,6.482,1.8566
3.129,5.113,6.401,1.8983
3.13,5.189,6.353,1.977
3.081,5.453,6.231,2.0246
3.136,5.428,6.09,2.0511
3.156,5.42,6.151,2.06
3.142,5.362,6.205,1.9946
3.091,5.178,6.033,1.9313
3.026,4.934,5.878,1.891
3.021,5.008,6.08,1.8439
3.044,4.944,5.933,1.7971
3.028,4.821,5.661,1.8265
2.892,4.904,5.583,1.8212
2.891,4.959,5.683,1.9224
2.874,4.994,5.605,1.9066
2.899,5.04,5.579,1.9734
2.906,5.194,5.566,1.9822
2.88,5.151,5.466,2.0364
2.909,5.272,5.591,1.9862
2.907,5.234,5.587,1.9741
2.942,5.26,5.555,1.9361
3.005,5.413,5.72,1.9275
2.981,5.304,5.634,1.9827
2.999,5.228,5.558,2.0017
2.985,5.129,5.464,2.0017
2.991,5.081,5.422,2.0591
2.956,5.065,5.502,2.0034
2.953,5.049,5.529,1.9965
2.947,5.025,5.468,1.9757
2.954,4.987,5.408,1.9255
2.927,5.017,5.338,1.9428
2.872,4.968,5.174,1.9705
2.761,4.849,4.936,2.0261
2.781,4.887,4.893,1.9739
2.83,4.951,4.917,2.0104
2.866,5.122,5.055,1.9427
2.825,5.066,4.924,1.9756
2.886,5.037,4.791,2.0121
2.883,4.979,4.821,2.0279
2.901,5.038,4.901,2.0331
2.894,5.115,4.885,2.1263
2.922,5.154,4.842,2.2686
2.958,5.165,4.85,2.2794
3.007,5.176,4.85,2.294
2.993,5.177,4.825,2.3772
3.008,5.211,4.891,2.3591
2.995,5.384,4.988,2.296
2.985,5.473,5.083,2.2781
2.937,5.35,5.033,2.2317
2.937,5.308,5.019,2.2479
2.949,5.33,5.108,2.1836
2.957,5.307,5.095,2.1997
2.945,5.441,5.197,2.1587
2.88,5.332,5.103,2.2088
2.884,5.329,5.091,2.182
2.906,5.43,5.142,2.2988
2.944,5.674,5.354,2.2233
2.981,5.742,5.441,2.1805
2.981,5.742,5.441,2.0474
2.993,5.96,5.673,1.9823
2.947,5.852,5.518,2.0351
2.882,5.802,5.392,2.051
2.943,5.96,5.511,1.9823
3.011,6.044,5.577,1.9805
3.005,5.859,5.463,1.9981
3.005,5.792,5.468,1.9753
3.088,5.894,5.602,1.9665
3.081,5.937,5.651,1.9629
3.09,5.975,5.715,1.9349
3.023,5.841,5.662,1.9735
2.988,5.774,5.626,1.984
2.97,5.811,5.628,1.9383
2.993,5.854,5.626,1.9348
2.955,5.744,5.498,1.9137
2.963,5.752,5.505,1.9435
2.959,5.824,5.533,1.9277
2.901,5.76,5.488,1.9312
2.818,5.71,5.421,1.8786
2.786,5.725,5.384,1.8716
2.804,5.817,5.441,1.8402
2.849,6.051,5.584,1.8227
2.811,5.965,5.505,1.867
2.797,5.984,5.495,1.8376
2.822,6.202,5.684,1.7637
2.892,6.322,5.85,1.7671
2.88,6.268,5.815,1.7603
2.864,6.287,5.808,1.6971
2.844,6.245,5.795,1.7226
2.843,6.251,5.776,1.7414
2.78,6.054,5.564,1.7688
2.735,6.183,5.653,1.7346
2.532,6.141,5.556,1.7774
2.51,6.29,5.653,1.738
2.529,6.452,5.726,1.738
2.508,6.424,5.753,1.7448
2.473,6.632,5.921,1.622
2.348,6.536,5.882,1.5578
2.245,6.495,5.725,1.452
2.278,6.361,5.647,1.5239
2.314,6.274,5.63,1.5744
2.399,6.254,5.654,1.6592
2.559,6.061,5.695,1.6388
2.505,6.192,5.758,1.6353
2.551,6.487,6.018,1.586
2.72,6.678,6.156,1.6642
2.726,6.721,6.202,1.5927
2.665,6.884,6.117,1.642
2.576,6.838,5.912,1.5773
2.603,7.117,6.067,1.5738
2.644,6.998,5.902,1.6197
2.673,6.701,5.754,1.6572
2.634,6.568,5.734,1.6162
2.595,6.317,5.787,1.6742
2.563,6.597,5.996,1.6024
2.624,6.833,6.168,1.6262
2.648,6.884,6.188,1.6177
2.664,6.896,6.182,1.5768
2.679,6.291,5.807,1.6449
2.584,6.338,5.722,1.5885
2.534,6.21,5.616,1.6294
2.534,6.375,5.755,1.6294
2.486,6.737,5.965,1.5969
2.366,6.912,6.01,1.5491
2.418,7.022,6.088,1.5117
2.386,6.773,5.938,1.5015
2.314,6.54,5.8,1.5167
2.237,6.594,5.898,1.4743
2.217,6.619,6.044,1.4876
2.139,6.773,6.095,1.4724
2.08,6.771,6.029,1.5078
2.092,6.918,6.061,1.4942
2.056,6.968,5.986,1.5077
2.067,7.226,6.15,1.4567
2.133,7.444,6.314,1.4263
2.257,7.566,6.572,1.3875
2.274,7.33,6.419,1.3975
2.214,6.878,6.032,1.4378
2.214,6.7,5.937,1.5463
2.164,6.571,6.01,1.5019
2.056,6.707,6.064,1.4679
2.088,6.69,5.915,1.524
2.047,7.119,6.305,1.4779
2.104,6.808,6.029,1.5631
2.098,6.696,5.981,1.5664
2.144,6.819,5.951,1.6283
2.099,6.819,5.871,1.6491
2.101,6.816,5.842,1.6881
2.069,6.876,5.889,1.6573
2.087,6.812,5.888,1.6642
2.101,6.696,5.817,1.7378
2.152,6.612,5.754,1.8155
2.141,6.499,5.78,1.8346
2.128,6.414,5.772,1.8105
2.136,6.253,5.76,1.8053
2.161,6.184,5.646,1.7984
2.13,6.247,5.648,1.6916
2.067,6.316,5.686,1.6779
2.048,6.388,5.7,1.6865
2.059,6.343,5.693,1.6506
2.068,6.445,5.817,1.6335
2.132,6.435,5.756,1.6506
2.144,6.567,5.774,1.6233
2.153,6.831,5.835,1.5484
2.198,6.823,5.759,1.5484
2.211,6.54,5.655,1.5722
2.231,6.38,5.503,1.596
2.249,5.994,5.25,1.6781
2.201,5.601,5.041,1.6678
2.243,5.673,5.172,1.6541
2.162,5.664,5.066,1.7005
2.2,5.59,5.018,1.7576
2.164,5.6,4.997,1.723
2.255,5.756,5.005,1.866
2.278,5.945,5.094,1.8415
2.256,5.87,5.041,1.8083
2.266,5.667,4.909,1.7718
2.268,5.742,4.977,1.764
2.268,5.729,5.039,1.7528
2.258,5.653,5.039,1.7094
2.275,5.717,5.089,1.6662
2.2,6.032,5.199,1.6095
2.203,5.91,5.106,1.6542
2.174,5.904,5.081,1.6335
2.189,5.856,5.066,1.6249
2.19,5.721,5.018,1.6198
2.187,5.784,5.031,1.6146
2.167,5.879,5.122,1.6732
2.278,5.666,5.043,1.7428
2.267,5.696,5.065,1.7428
2.228,5.803,5.096,1.7132
2.19,5.783,5.098,1.6742
2.182,5.746,5.012,1.6699
2.146,5.605,4.973,1.656
2.141,5.796,4.971,1.663
2.205,5.784,4.926,1.7186
2.246,5.445,4.758,1.8185
2.238,5.32,4.755,1.8344
2.206,5.349,4.765,1.7633
2.227,5.47,4.76,1.8134
2.232,5.599,4.861,1.7572
2.24,5.546,4.834,1.7889
2.261,5.592,4.856,1.8233
2.248,5.57,4.896,1.7451
2.235,5.639,5.006,1.7189
2.235,5.652,4.985,1.7189
2.239,5.598,4.952,1.6901
2.223,5.574,4.922,1.7242
2.22,5.642,4.934,1.7147
2.207,5.735,4.987,1.6841
2.198,5.64,4.887,1.7507
2.176,5.678,4.902,1.6466
2.156,5.836,5.013,1.6148
2.125,5.808,4.968,1.6063
2.099,5.876,5.019,1.6063
2.066,5.835,4.958,1.5945
2.095,5.92,4.953,1.5911
2.077,5.885,4.886,1.5928
2.069,5.857,4.86,1.58
2.069,5.884,4.897,1.6131
2.147,5.774,4.841,1.6659
2.174,5.696,4.836,1.6796
2.177,5.641,4.778,1.6796
2.156,5.598,4.745,1.6899
2.137,5.602,4.748,1.6625
2.119,5.505,4.72,1.6369
2.047,5.314,4.584,1.6284
2.038,5.321,4.553,1.6147
2.046,5.3,4.492,1.6156
2.048,5.234,4.443,1.6207
2.028,5.234,4.418,1.6028
1.995,5.382,4.441,1.5875
1.986,5.457,4.567,1.5857
1.953,5.438,4.519,1.6215
1.952,5.541,4.81,1.6164
1.954,5.44,4.712,1.6541
1.966,5.347,4.634,1.698
1.982,5.386,4.635,1.7299
1.972,5.373,4.597,1.7015
2.007,5.413,4.56,1.7717
2.037,5.289,4.447,1.817
2.009,5.244,4.388,1.8014
1.99,5.215,4.417,1.7962
1.977,5.226,4.465,1.7623
1.98,5.21,4.455,1.7737
1.98,5.21,4.455,1.7737
1.98,5.21,4.455,1.7511
1.964,5.256,4.52,1.7364
1.987,5.225,4.49,1.7009
1.989,5.232,4.489,1.7574
1.989,5.232,4.489,1.7574
2.073,5.015,4.27,1.8371
2.113,5,4.226,1.9121
2.138,5.037,4.259,1.8991
2.106,5.092,4.342,1.8974
2.105,5.055,4.28,1.8683
2.101,5.117,4.267,1.8568
2.143,4.887,4.153,1.8958
2.151,4.872,4.125,1.8677
2.144,5.014,4.189,1.8448
2.123,5.002,4.212,1.836
2.125,5.012,4.175,1.8185
2.179,5.117,4.193,1.8794
2.127,5.061,4.162,1.8416
2.18,5.149,4.22,1.8416
2.148,5.107,4.195,1.8417
2.127,5.053,4.189,1.8241
2.163,4.997,4.157,1.8498
2.221,5.16,4.124,1.9487
2.271,5.232,4.206,1.9613
2.262,5.144,4.167,1.9991
2.3,5.21,4.312,1.992
2.255,5.168,4.307,1.9849
2.247,5.192,4.323,2.0149
2.241,5.422,4.463,1.9548
2.272,5.362,4.453,1.998
2.277,5.433,4.578,1.9603
2.241,5.403,4.58,1.9568
2.233,5.349,4.549,1.9499
2.242,5.412,4.615,1.9635
2.261,5.31,4.502,1.977
2.282,5.191,4.392,2.0277
2.263,5.184,4.401,1.9974
2.275,5.178,4.377,2.0017
2.262,5.222,4.399,2.0017
2.257,5.187,4.392,2.0278
2.277,5.174,4.422,2.0087
2.228,5.189,4.49,1.9766
2.225,5.136,4.441,1.9619
2.229,5.158,4.485,1.8637
2.168,5.354,4.891,1.8808
2.164,5.221,4.805,1.9014
2.166,5.081,4.728,1.8756
2.11,5.087,4.784,1.8412
2.096,5.084,4.875,1.8755
2.121,5.029,4.733,1.8978
2.122,4.992,4.653,1.9375
2.12,4.879,4.591,1.9965
2.123,4.752,4.594,2.0427
2.124,4.75,4.633,2.0576
2.101,4.716,4.601,2.0156
2.094,4.756,4.662,2.0209
2.089,4.85,4.642,2.0296
2.064,4.91,4.593,1.9895
2.029,4.949,4.628,1.9546
2.005,5.027,4.72,1.9017
2.031,4.962,4.631,1.9581
2.003,4.868,4.582,1.9112
2.015,4.843,4.509,1.925
2.013,4.947,4.606,1.9198
2.05,4.921,4.565,1.9094
2.009,5.066,4.772,1.8454
2.022,5.051,4.756,1.8487
2.022,5.051,4.756,1.8486
2.022,5.051,4.756,1.8314
2.011,4.93,4.615,1.859
1.985,4.902,4.583,1.8106
1.866,4.902,4.55,1.7625
1.75,4.738,4.371,1.7128
1.747,4.733,4.336,1.746
1.795,4.708,4.347,1.7502
1.866,4.628,4.307,1.8034
1.843,4.656,4.327,1.7887
1.805,4.679,4.32,1.7208
1.797,4.72,4.334,1.6798
1.818,4.72,4.306,1.7224
1.784,4.67,4.243,1.695
1.782,4.657,4.253,1.6847
1.791,4.611,4.217,1.7049
1.746,4.482,4.053,1.6929
1.744,4.27,3.94,1.7065
1.746,4.277,4.001,1.7047
1.752,4.278,4.053,1.708
1.738,4.269,4.054,1.6633
1.741,4.145,3.906,1.6701
1.708,4.124,3.886,1.6717
1.708,4.127,3.893,1.629
1.659,4.032,3.759,1.6255
1.818,4.029,3.818,1.7382
1.799,4.093,3.916,1.7588
1.839,4.096,3.863,1.7778
1.814,4.085,3.832,1.7665
1.841,4.176,3.88,1.8109
1.952,4.192,3.89,1.8973
1.937,4.278,3.977,1.9199
1.944,4.333,4.011,1.974
1.937,4.329,4.007,1.9347
1.874,4.296,3.973,1.8809
1.857,4.194,3.892,1.9506
1.877,4.191,3.894,1.9647
1.9,4.176,3.921,1.9263
1.893,4.169,3.909,2.0395
1.934,4.282,4.026,2.0157
1.939,4.407,4.135,2.0081
1.966,4.321,4.046,2.0081
2.004,4.282,4.032,2.1652
2.06,4.405,4.185,2.1153
2.099,4.355,4.111,2.111
2.071,4.429,4.155,2.1282
2.087,4.462,4.156,2.1193
2.078,4.412,4.095,2.1462
2.056,4.432,4.133,2.0892
2.109,4.679,4.361,2.0769
2.126,4.536,4.188,2.1718
2.182,4.585,4.29,2.2097
2.21,4.649,4.365,2.1846
2.192,4.617,4.383,2.228
2.16,4.608,4.358,2.1489
2.086,4.575,4.277,2.1295
2.085,4.573,4.263,2.1817
2.126,4.543,4.286,2.1854
2.106,4.523,4.255,2.3527
2.262,4.841,4.541,2.4144
2.316,4.899,4.616,2.531
2.448,5.106,4.829,2.5368
2.451,5.064,4.852,2.6082
2.37,4.836,4.699,2.5353
2.322,4.773,4.564,2.4721
2.343,4.758,4.542,2.4857
2.319,4.595,4.414,2.4765
2.309,4.617,4.436,2.4693
2.285,4.758,4.496,2.5032
2.258,4.633,4.392,2.5032
2.294,4.648,4.42,2.7391
2.254,4.67,4.376,2.6356
2.237,4.726,4.408,2.634
2.243,4.799,4.447,2.6238
2.226,4.811,4.465,2.5721
2.189,4.772,4.481,2.5821
2.208,4.719,4.466,2.5372
2.188,4.68,4.462,2.5317
2.196,4.724,4.493,2.4888
2.169,4.648,4.409,2.5284
2.185,4.669,4.403,2.4839
2.187,4.6,4.309,2.4804
2.212,4.679,4.365,2.5049
2.266,4.669,4.367,2.588
2.279,4.631,4.395,2.5712
2.275,4.616,4.398,2.5624
2.27,4.673,4.451,2.6023
2.262,4.652,4.399,2.6101
2.23,4.647,4.404,2.5762
2.22,4.613,4.36,2.706
2.194,4.56,4.25,2.596
2.253,4.583,4.274,2.6333
2.265,4.559,4.252,2.6421
2.248,4.56,4.251,2.5986
2.239,4.508,4.19,2.5892
2.231,4.486,4.185,2.5784
2.242,4.471,4.159,2.6206
2.348,4.484,4.226,2.719
2.341,4.409,4.181,2.7136
2.41,4.438,4.244,2.7664
2.397,4.35,4.182,2.8251
2.435,4.405,4.278,2.8804
2.397,4.46,4.305,2.8142
2.428,4.523,4.365,2.8935
2.47,4.469,4.311,2.8844
2.472,4.449,4.323,2.8146
2.453,4.45,4.377,2.7853
2.433,4.487,4.449,2.7087
2.453,4.525,4.407,2.7653
2.443,4.526,4.369,2.7617
2.47,4.53,4.398,2.7839
2.493,4.421,4.348,2.7839
2.517,4.463,4.345,2.8576
2.528,4.507,4.42,2.8966
2.624,4.61,4.546,2.9937
2.547,4.522,4.5,2.9342
2.562,4.537,4.52,2.912
2.628,4.507,4.531,2.9643
2.583,4.482,4.527,2.9122
2.553,4.458,4.526,2.9095
2.535,4.489,4.576,2.8846
2.482,4.411,4.452,2.8643
2.48,4.399,4.399,2.8468
2.505,4.397,4.398,2.6878
2.42,4.316,4.286,2.7519
2.45,4.296,4.284,2.7337
2.423,4.272,4.262,2.6999
2.356,4.27,4.242,2.6552
2.348,4.278,4.236,2.628
2.362,4.336,4.335,2.6498
2.335,4.357,4.414,2.6245
2.321,4.293,4.429,2.61
2.325,4.161,4.413,2.65
2.342,4.244,4.361,2.6173
2.342,4.237,4.369,2.6046
2.362,4.201,4.295,2.6447
2.331,4.205,4.29,2.6265
2.339,4.292,4.344,2.632
2.348,4.332,4.376,2.6631
2.387,4.337,4.338,2.6814
2.376,4.287,4.276,2.6871
2.371,4.264,4.255,2.6871
2.417,4.304,4.246,2.7276
2.431,4.294,4.244,2.6633
2.38,4.289,4.195,2.5894
2.345,4.252,4.162,2.5777
2.354,4.273,4.189,2.6014
2.289,4.191,4.097,2.5124
2.258,4.13,4.113,2.5016
2.256,4.133,4.149,2.5197
2.251,4.153,4.22,2.5088
2.241,4.089,4.194,2.5233
2.223,4.041,4.138,2.5034
2.192,4.057,4.187,2.5378
2.159,4.028,4.127,2.5542
2.147,3.967,4.075,2.6218
2.146,4.006,4.111,2.6035
2.217,4.102,4.17,2.6696
2.221,4.147,4.207,2.6421
2.156,4.049,4.092,2.5999
2.222,4.107,4.137,2.7477
2.22,4.095,4.126,2.7477
2.258,4.111,4.151,2.7728
2.201,4.092,4.111,2.6996
2.167,4.052,4.055,2.69
2.181,4.065,4.089,2.7033
2.169,4.068,4.075,2.6658
2.2,4.077,4.061,2.7069
2.197,4.086,4.081,2.7987
2.217,4.107,4.099,2.7842
2.204,4.1,4.077,2.7427
2.184,4.154,4.085,2.7283
2.158,4.155,4.061,2.7077
2.182,4.141,4.058,2.7373
2.167,4.149,4.048,2.7373
2.15,4.117,4.055,2.7445
2.177,4.154,4.078,2.7951
2.34,4.141,4.09,2.7825
2.404,4.181,4.152,2.8342
2.443,4.234,4.218,2.8717
2.442,4.17,4.173,2.8553
2.436,4.104,4.124,2.8389
2.425,4.03,4.059,2.8006
2.411,4.03,4.057,2.8535
2.439,4.091,4.101,2.8773
2.427,4.098,4.088,2.8646
2.439,4.066,4.041,2.8784
2.433,4.088,4.04,2.8354
2.455,4.144,4.068,2.8931
2.472,4.121,4.077,2.9291
2.466,4.138,4.12,2.8886
2.487,4.199,4.173,2.9274
2.483,4.201,4.176,2.9775
2.483,4.201,4.176,2.9775
2.483,4.201,4.176,2.9905
2.574,4.219,4.211,3
2.56,4.142,4.087,2.9703
2.553,4.128,4.084,3.0282
2.553,4.128,4.084,3.0282
2.555,3.968,3.968,2.989
2.547,3.869,3.913,2.9948
2.524,3.902,3.937,2.9576
2.493,3.801,3.87,2.9391
2.508,3.783,3.882,2.9894
2.57,3.797,3.923,2.9652
2.501,3.809,3.915,2.8579
2.481,3.817,3.882,2.8257
2.464,3.813,3.876,2.8709
2.479,3.758,3.859,2.8912
2.446,3.729,3.84,2.8414
2.412,3.708,3.821,2.8194
2.392,3.681,3.794,2.8194
2.405,3.731,3.83,2.8286
2.439,3.732,3.83,2.8656
2.423,3.748,3.858,2.7772
2.375,3.792,3.912,2.715
2.363,3.749,3.895,2.7479
2.363,3.697,3.848,2.7488
2.338,3.704,3.853,2.6767
2.305,3.692,3.817,2.6949
2.227,3.655,3.766,2.644
2.213,3.743,3.775,2.5761
2.23,3.749,3.782,2.6294
2.226,3.714,3.759,2.6675
2.281,3.652,3.759,2.7003
2.242,3.58,3.686,2.6829
2.274,3.575,3.683,2.6674
2.278,3.596,3.681,2.725
2.304,3.648,3.728,2.7608
2.267,3.618,3.707,2.732
2.278,3.585,3.686,2.7428
2.279,3.535,3.614,2.7428
2.251,3.512,3.556,2.7069
2.255,3.555,3.588,2.7392
2.293,3.597,3.648,2.7509
2.255,3.545,3.597,2.731
2.271,3.553,3.618,2.7382
2.228,3.546,3.584,2.7023
2.197,3.531,3.537,2.6655
2.124,3.487,3.458,2.6387
2.194,3.504,3.478,2.6476
2.133,3.498,3.452,2.6012
2.17,3.437,3.421,2.6977
2.17,3.358,3.375,2.7048
2.216,3.399,3.44,2.7373
2.214,3.359,3.42,2.7879
2.199,3.3,3.367,2.777
2.218,3.317,3.397,2.768
2.183,3.343,3.419,2.73
2.137,3.375,3.434,2.6446
2.122,3.334,3.403,2.6543
2.13,3.313,3.376,2.6921
2.119,3.301,3.363,2.6722
2.161,3.336,3.394,2.7725
2.186,3.362,3.427,2.7716
2.158,3.351,3.412,2.7426
2.12,3.346,3.409,2.7281
2.118,3.326,3.392,2.748
2.096,3.278,3.336,2.6919
2.057,3.248,3.305,2.681
2.063,3.234,3.302,2.7208
2.083,3.226,3.291,2.718
2.099,3.246,3.288,2.7525
2.136,3.263,3.306,2.8045
2.111,3.223,3.253,2.7972
2.029,3.147,3.168,2.7207
2.04,3.178,3.186,2.6998
2.056,3.203,3.218,2.6808
2.078,3.206,3.2,2.6898
2.017,3.165,3.164,2.6474
2.009,3.184,3.208,2.6247
2.013,3.137,3.172,2.6472
1.948,3.087,3.106,2.6283
1.952,3.063,3.097,2.6282
1.986,3.081,3.119,2.7215
1.986,3.081,3.119,2.7215
1.986,3.081,3.119,2.7151
2.009,3.063,3.091,2.7105
2.005,3.042,3.085,2.6987
2.008,3.08,3.122,2.6805
1.972,3.06,3.103,2.6623
1.99,3.063,3.132,2.7004
1.994,3.069,3.115,2.6913
1.951,3.012,3.065,2.6459
1.951,2.981,3.062,2.6133
1.924,2.973,3.039,2.5843
1.938,2.98,3.039,2.6068
1.927,2.943,3.003,2.5914
1.942,2.967,3.013,2.5878
1.895,2.879,2.918,2.6161
1.897,2.913,2.951,2.6233
1.917,2.931,2.974,2.6611
1.879,2.899,2.941,2.6089
1.808,2.854,2.91,2.5427
1.762,3.015,3.1,2.4893
1.784,2.95,3.062,2.5231
1.81,3.007,3.145,2.5445
1.833,3.089,3.261,2.5106
1.842,3.011,3.2,2.532
1.819,3.048,3.241,2.5499
1.815,2.982,3.151,2.532
1.825,2.89,2.979,2.532
1.791,2.886,2.998,2.5142
1.724,2.818,2.931,2.4431
1.741,2.859,2.956,2.4644
1.766,2.851,2.962,2.4759
1.772,2.845,2.963,2.5267
1.811,2.85,2.997,2.5985
1.841,2.877,3.019,2.6021
1.792,2.82,2.931,2.5824
1.703,2.636,2.756,2.5869
1.7,2.571,2.703,2.6032
1.757,2.64,2.804,2.6439
1.754,2.634,2.791,2.6394
1.755,2.7,2.819,2.5951
1.731,2.652,2.771,2.6033
1.727,2.668,2.785,2.597
1.769,2.702,2.823,2.6523
1.845,2.757,2.855,2.5844
1.769,2.713,2.911,2.6206
1.792,2.722,2.945,2.6052
1.779,2.685,2.901,2.6261
1.759,2.653,2.879,2.5781
1.697,2.637,2.849,2.5592
1.683,2.639,2.843,2.5286
1.705,2.637,2.832,2.534
1.699,2.657,2.845,2.5304
1.704,2.635,2.829,2.5647
1.749,2.726,2.908,2.6264
1.72,2.673,2.843,2.6383
1.695,2.676,2.832,2.6383
1.693,2.673,2.81,2.611
1.652,2.715,2.84,2.5557
1.659,2.752,2.88,2.5503
1.638,2.821,2.943,2.5359
1.64,2.768,2.887,2.516
1.645,2.769,2.875,2.5468
1.635,2.709,2.846,2.5468
1.614,2.66,2.819,2.526
1.576,2.627,2.787,2.4458
1.573,2.594,2.778,2.4809
1.559,2.567,2.772,2.4674
1.568,2.575,2.773,2.4601
1.541,2.553,2.74,2.4655
1.574,2.556,2.726,2.5025
1.551,2.537,2.713,2.4655
1.542,2.491,2.673,2.4853
1.504,2.467,2.638,2.4601
1.549,2.519,2.698,2.5569
1.529,2.502,2.693,2.5578
1.515,2.557,2.757,2.4925
1.515,2.493,2.694,2.4817
1.565,2.545,2.746,2.4844
1.52,2.583,2.808,2.4708
1.487,2.623,2.87,2.4114
1.457,2.556,2.813,2.4203
1.467,2.538,2.787,2.4275
1.46,2.601,2.74,2.4491
1.425,2.568,2.71,2.4166
1.404,2.483,2.656,2.4015
1.339,2.396,2.584,2.3397
1.412,2.451,2.633,2.3927
1.391,2.422,2.594,2.3997
1.379,2.399,2.598,2.4264
1.385,2.398,2.593,2.4068
1.368,2.379,2.575,2.4024
1.309,2.257,2.477,2.382
1.274,2.169,2.412,2.3962
1.253,2.144,2.388,2.3573
1.24,2.229,2.442,2.3361
1.253,2.226,2.434,2.3431
1.254,2.249,2.42,2.3431
1.314,2.269,2.455,2.4211
1.334,2.267,2.458,2.3962
1.303,2.155,2.347,2.4497
1.257,2.039,2.252,2.4587
1.283,2.084,2.297,2.4712
1.346,2.196,2.366,2.5036
1.364,2.259,2.398,2.5414
1.4,2.323,2.463,2.5496
1.429,2.342,2.457,2.6105
1.426,2.339,2.46,2.5887
1.436,2.338,2.46,2.5924
1.405,2.28,2.416,2.6198
1.439,2.273,2.437,2.6144
1.389,2.198,2.368,2.5745
1.346,2.206,2.374,2.5636
1.349,2.198,2.398,2.5275
1.34,2.146,2.373,2.5637
1.32,2.149,2.358,2.5022
1.311,2.193,2.384,2.5276
1.304,2.219,2.403,2.4771
1.284,2.136,2.332,2.4888
1.241,2.066,2.283,2.3856
1.249,2.108,2.324,2.425
1.264,2.099,2.306,2.434
1.254,2.143,2.331,2.4196
1.266,2.138,2.344,2.3391
1.26,2.097,2.332,2.3213
1.249,2.071,2.311,2.3133
1.251,2.064,2.322,2.2804
1.266,2.081,2.332,2.2804
1.199,2.044,2.296,2.1973
1.131,2.111,2.421,2.1358
1.261,2.211,2.577,2.1559
1.297,2.166,2.495,2.1936
1.311,2.259,2.593,2.1909
1.294,2.203,2.51,2.2217
1.284,2.202,2.508,2.2164
1.299,2.183,2.501,2.2712
1.305,2.168,2.515,2.2685
1.283,2.136,2.551,2.2605
1.276,2.138,2.534,2.296
1.279,2.138,2.503,2.3174
1.229,2.156,2.468,2.3058
1.181,2.072,2.345,2.3353
1.211,2.139,2.412,2.3425
1.169,2.178,2.432,2.3335
1.189,2.187,2.428,2.3424
1.188,2.155,2.379,2.3856
1.183,2.153,2.374,2.2976
1.189,2.118,2.348,2.3604
1.172,2.093,2.332,2.3604
1.171,2.105,2.357,2.3712
1.163,2.135,2.374,2.3399
1.139,2.122,2.344,2.3204
1.148,2.107,2.308,2.3399
1.145,2.117,2.323,2.3151
1.195,2.127,2.329,2.3594
1.141,2.097,2.303,2.3373
1.11,2.01,2.21,2.3099
1.114,1.97,2.178,2.3064
1.066,1.919,2.137,2.257
1.05,1.972,2.158,2.2447
0.992,1.886,2.056,2.2447
0.969,1.891,2.031,2.164
0.988,1.835,2.012,2.235
1.012,1.846,2.009,2.2923
1.016,1.829,1.981,2.2799
1.037,1.884,2.033,2.2341
1.03,1.826,1.975,2.3065
0.97,1.781,1.94,2.257
0.965,1.823,2.033,2.2129
0.961,1.869,2.064,2.1638
0.947,1.872,2.052,2.162
0.895,1.876,2.062,2.0817
0.894,1.785,1.993,2.1182
0.876,1.795,2.009,2.0591
0.871,1.767,1.959,2.1356
0.891,1.736,1.958,2.2075
0.887,1.699,1.951,2.1618
0.877,1.663,1.929,2.1583
0.867,1.667,1.941,2.2614
0.86,1.662,1.936,2.2632
0.86,1.662,1.936,2.2632
0.86,1.662,1.936,2.2499
0.83,1.669,1.979,2.2021
0.821,1.602,1.88,2.1871
0.822,1.598,1.877,2.1712
0.822,1.598,1.877,2.1712
0.778,1.49,1.739,2.1105
0.803,1.605,1.836,2.032
0.73,1.64,1.86,1.9402
0.785,1.684,1.902,1.9677
0.797,1.665,1.842,2.0179
0.779,1.719,1.875,1.9449
0.753,1.64,1.81,1.907
0.739,1.639,1.814,1.9
0.65,1.542,1.722,1.8553
0.671,1.582,1.735,1.7149
0.632,1.498,1.655,1.8368
0.636,1.51,1.662,1.8368
0.646,1.519,1.669,1.788
0.703,1.527,1.689,1.8717
0.616,1.398,1.546,1.8631
0.542,1.37,1.523,1.7968
0.582,1.372,1.495,1.8241
0.576,1.386,1.529,1.8231
0.569,1.431,1.589,1.7207
0.596,1.451,1.599,1.7512
0.535,1.417,1.591,1.6407
0.547,1.484,1.623,1.6642
0.576,1.471,1.583,1.7915
0.593,1.426,1.545,1.7513
0.587,1.447,1.537,1.8204
0.613,1.485,1.576,1.9567
0.666,1.564,1.658,1.9775
0.701,1.61,1.672,1.9967
0.681,1.643,1.695,2.0176
0.64,1.616,1.649,1.9844
0.644,1.548,1.603,2.0504
0.656,1.578,1.664,2.0504
0.69,1.601,1.661,2.1379
0.69,1.574,1.621,2.08
0.704,1.546,1.599,2.1142
0.682,1.497,1.574,2.1117
0.657,1.415,1.493,2.0574
0.649,1.381,1.458,1.98
0.61,1.382,1.459,1.9688
0.575,1.277,1.342,2.0295
0.603,1.257,1.329,1.993
0.636,1.345,1.346,2.082
0.666,1.387,1.398,2.1189
0.675,1.356,1.389,2.1172
0.645,1.277,1.303,2.1154
0.691,1.291,1.314,2.2414
0.604,1.27,1.277,2.1907
0.522,1.239,1.216,2.1297
0.481,1.151,1.125,2.1086
0.492,1.141,1.125,2.1156
0.496,1.145,1.147,2.114
0.515,1.172,1.179,2.0717
0.534,1.248,1.265,2.0507
0.472,1.269,1.305,1.9199
0.453,1.25,1.252,1.9685
0.441,1.176,1.201,1.9303
0.49,1.254,1.292,1.912
0.508,1.289,1.326,1.8731
0.5,1.285,1.333,1.925
0.493,1.261,1.309,1.9894
0.499,1.318,1.351,1.9615
0.506,1.267,1.309,1.9475
0.474,1.207,1.239,1.9231
0.451,1.201,1.276,1.8573
0.483,1.217,1.299,1.9117
0.483,1.217,1.299,1.8389
0.483,1.217,1.299,1.8952
0.466,1.174,1.238,1.8848
0.444,1.192,1.246,1.9047
0.447,1.238,1.299,1.9596
0.433,1.225,1.264,1.9473
0.431,1.25,1.283,1.9272
0.406,1.291,1.307,1.8985
0.351,1.261,1.26,1.888
0.351,1.347,1.376,1.8897
0.368,1.449,1.474,1.8653
0.356,1.461,1.482,1.8896
0.368,1.447,1.45,1.9087
0.414,1.368,1.39,1.9788
0.414,1.362,1.405,1.9577
0.417,1.384,1.44,1.9086
0.417,1.297,1.356,1.9208
0.422,1.322,1.377,2.0034
0.565,1.462,1.504,2.0388
0.638,1.463,1.496,2.0317
0.647,1.459,1.463,2.1135
0.724,1.499,1.53,2.144
0.816,1.775,1.803,2.1853
0.899,1.891,1.913,2.2431
0.893,1.741,1.772,2.18
0.834,1.66,1.673,2.1478
0.9,1.743,1.765,2.2797
0.969,1.823,1.846,2.2489
0.996,1.88,1.889,2.2926
0.969,1.835,1.853,2.2301
0.899,1.728,1.768,2.1424
0.932,1.827,1.889,2.2337
0.869,1.747,1.804,2.2886
0.914,1.799,1.861,2.2479
0.92,1.763,1.839,2.1898
0.893,1.778,1.854,2.2092
0.892,1.8,1.848,2.2092
0.852,1.863,1.935,2.139
0.852,1.799,1.855,2.1285
0.837,1.834,1.863,2.1355
0.794,1.834,1.846,2.1214
0.861,1.958,1.977,2.1794
1.022,2.08,2.124,2.2624
1.169,2.13,2.178,2.3642
1.14,2.104,2.142,2.307
1.161,2.219,2.238,2.4076
1.206,2.249,2.258,2.3824
1.277,2.271,2.286,2.4384
1.311,2.232,2.244,2.4838
1.211,2.124,2.14,2.3772
1.211,2.24,2.21,2.3918
1.274,2.405,2.351,2.3559
1.251,2.349,2.328,2.3093
1.236,2.324,2.311,2.3165
1.206,2.275,2.29,2.3345
1.158,2.268,2.278,2.2577
1.248,2.105,2.152,2.3725
1.236,2.102,2.133,2.4087
1.222,2.109,2.122,2.3672
1.233,2.062,2.086,2.4088
1.296,2.107,2.147,2.4726
1.236,2.343,2.387,2.3242
1.193,2.298,2.331,2.3531
1.242,2.272,2.29,2.4219
1.303,2.306,2.32,2.3823
1.24,2.208,2.245,2.3823
1.242,2.369,2.384,2.285
1.127,2.256,2.267,2.2582
1.124,2.22,2.216,2.1922
1.154,2.169,2.173,2.3211
1.281,2.122,2.133,2.3972
1.254,2.101,2.11,2.4538
1.217,2.086,2.063,2.401
1.136,2.01,2,2.3521
1.136,1.974,1.986,2.3503
1.073,1.929,1.916,2.3469
1.037,1.935,1.904,2.3723
1.082,2.005,1.963,2.3253
1.048,1.984,1.936,2.3235
1.027,1.943,1.896,2.2677
0.966,1.897,1.865,2.2624
0.973,1.925,1.892,2.2175
0.975,1.907,1.873,2.2499
1.008,1.953,1.9,2.2859
0.939,1.898,1.818,2.2589
0.934,1.837,1.77,2.1801
0.937,1.937,1.769,2.148
0.958,1.936,1.771,2.2213
1.062,2.067,1.914,2.2699
1.008,2.013,1.868,2.2214
0.964,1.981,1.83,2.1623
1,1.967,1.826,2.2269
0.928,1.93,1.784,2.1409
0.925,1.975,1.821,2.148
0.947,1.949,1.781,2.1854
0.978,2.007,1.81,2.1977
0.944,1.937,1.759,2.1678
0.977,1.997,1.812,2.1925
0.967,1.985,1.802,2.1256
0.944,1.99,1.819,2.0679
0.948,2.008,1.857,2.0365
0.975,2.032,1.899,2.0034
1.119,2.097,1.98,2.0714
1.079,2.104,1.975,2.1752
1.1,2.056,1.924,2.1841
1.088,2.061,1.917,2.1806
1.151,2.105,1.959,2.2179
1.157,2.142,1.996,2.1524
1.13,2.124,1.983,2.1843
1.063,2.084,1.911,2.1596
1.013,2.072,1.876,2.1244
1.123,2.139,1.89,2.1244
1.1,2.045,1.831,2.1828
1.098,2.075,1.837,2.2006
1.096,2.099,1.86,2.222
1.058,2.105,1.832,2.1883
1.059,2.119,1.851,2.1831
1.137,2.119,1.892,2.2867
1.165,2.124,1.918,2.294
1.163,2.089,1.902,2.1903
1.031,1.941,1.761,2.1336
1.058,1.998,1.804,2.2012
0.968,1.952,1.747,2.1337
0.975,1.965,1.738,2.1497
0.992,1.985,1.741,2.1266
1.044,2.033,1.793,2.1623
0.996,1.922,1.743,2.0949
0.989,1.888,1.713,2.0508
0.984,1.889,1.723,2.0368
0.928,1.815,1.68,2.0368
0.891,1.773,1.63,1.9929
0.946,1.798,1.653,2.0562
0.976,1.829,1.691,2.0315
0.965,1.835,1.702,2.0668
0.956,1.829,1.685,2.104
0.986,1.828,1.692,2.0881
0.951,1.81,1.679,2.0881
0.956,1.794,1.655,2.0439
0.911,1.792,1.627,1.9718
0.922,1.806,1.644,2.0175
0.916,1.768,1.602,2.0334
0.93,1.757,1.594,2.0228
0.995,1.807,1.661,2.067
0.928,1.743,1.604,2.0228
0.838,1.588,1.448,2.0263
0.85,1.632,1.498,2.0866
0.847,1.629,1.492,2.0564
0.793,1.583,1.44,2.037
0.782,1.562,1.405,2.1009
0.871,1.64,1.477,2.1725
0.864,1.67,1.479,2.1421
0.924,1.747,1.646,2.1709
0.936,1.73,1.657,2.2105
0.953,1.752,1.668,2.225
0.946,1.798,1.696,2.2323
1.02,1.915,1.787,2.3252
0.986,1.954,1.743,2.3436
0.946,1.864,1.685,2.3419
0.93,1.828,1.629,2.3301
0.923,1.834,1.607,2.3116
0.873,1.787,1.563,2.2658
0.851,1.794,1.567,2.2676
0.847,1.767,1.564,2.2658
0.825,1.729,1.522,2.2728
0.808,1.686,1.51,2.2482
0.816,1.636,1.494,2.2623
0.868,1.641,1.519,2.2377
0.847,1.634,1.506,2.2377
0.799,1.565,1.429,2.2341
0.797,1.556,1.427,2.2341
0.773,1.518,1.402,2.2201
0.789,1.518,1.417,2.206
0.788,1.492,1.408,2.1431
0.784,1.481,1.386,2.1797
0.991,1.726,1.639,2.3136
1.001,1.732,1.652,2.2693
0.897,1.617,1.549,2.2288
0.88,1.6,1.55,2.2182
0.916,1.625,1.569,2.2164
0.884,1.616,1.548,2.2305
0.86,1.621,1.537,2.127
0.92,1.724,1.635,2.2217
0.977,1.759,1.682,2.2658
1.009,1.756,1.689,2.296
0.934,1.736,1.627,2.2234
0.888,1.69,1.57,2.204
0.89,1.766,1.585,2.1917
0.953,1.789,1.635,2.2357
0.981,1.829,1.655,2.2534
0.996,1.829,1.666,2.241
0.996,1.829,1.666,2.241
0.915,1.788,1.607,2.2304
0.989,1.8,1.628,2.305
0.986,1.766,1.592,2.2943
0.986,1.766,1.592,2.2694
0.986,1.766,1.592,2.2694
0.937,1.716,1.547,2.2428
0.906,1.686,1.498,2.2357
0.872,1.669,1.481,2.1702
0.916,1.737,1.551,2.1455
0.879,1.706,1.527,2.1156
0.918,1.798,1.584,2.1754
0.917,1.829,1.612,2.1032
0.879,1.771,1.555,2.0927
0.897,1.779,1.574,2.0874
0.873,1.75,1.564,2.0347
0.868,1.74,1.564,2.0347
0.866,1.701,1.557,2.0556
0.824,1.782,1.649,1.9824
0.775,1.719,1.561,2.0311
0.798,1.727,1.572,2.0519
0.78,1.707,1.557,2.0012
0.748,1.638,1.506,1.9942
0.752,1.613,1.497,1.9993
0.733,1.619,1.512,1.9784
0.635,1.509,1.413,1.9209
0.673,1.561,1.467,1.9486
0.642,1.581,1.485,1.8448
0.608,1.547,1.436,1.8861
0.634,1.642,1.532,1.8395
0.632,1.64,1.553,1.8357
0.592,1.748,1.676,1.7483
0.609,1.749,1.682,1.726
0.614,1.718,1.636,1.6681
0.596,1.776,1.712,1.659
0.654,1.735,1.647,1.7481
0.616,1.696,1.598,1.7481
0.653,1.746,1.622,1.7723
0.644,1.733,1.6,1.819
0.58,1.698,1.552,1.7396
0.565,1.702,1.562,1.7449
0.523,1.651,1.518,1.7518
0.54,1.632,1.529,1.7225
0.52,1.621,1.532,1.7484
0.508,1.604,1.511,1.7157
0.501,1.57,1.472,1.7623
0.467,1.527,1.421,1.7347
0.504,1.485,1.38,1.8249
0.563,1.568,1.458,1.8406
0.536,1.533,1.42,1.8337
0.579,1.557,1.46,1.8741
0.639,1.586,1.458,1.9057
0.579,1.564,1.418,1.8287
0.631,1.561,1.408,1.876
0.681,1.584,1.458,1.9323
0.617,1.483,1.326,1.9839
0.623,1.464,1.304,1.9592
0.668,1.512,1.365,1.9699
0.649,1.502,1.332,1.9081
0.568,1.426,1.268,1.8958
0.554,1.427,1.259,1.8732
0.567,1.434,1.251,1.9155
0.552,1.433,1.252,1.9403
0.546,1.526,1.294,1.8786
0.536,1.521,1.3,1.9
0.536,1.521,1.3,1.9
0.536,1.521,1.3,1.886
0.478,1.438,1.236,1.8035
0.484,1.424,1.213,1.8228
0.485,1.434,1.22,1.7687
0.459,1.436,1.218,1.7705
0.46,1.458,1.236,1.7618
0.437,1.489,1.269,1.7201
0.455,1.51,1.283,1.7549
0.436,1.601,1.388,1.6889
0.432,1.517,1.309,1.7167
0.463,1.51,1.336,1.7254
0.521,1.539,1.377,1.7761
0.465,1.46,1.296,1.7639
0.512,1.502,1.353,1.7919
0.47,1.494,1.333,1.7518
0.5,1.49,1.347,1.7711
0.509,1.536,1.4,1.7851
0.493,1.529,1.393,1.845
0.567,1.592,1.46,1.861
0.565,1.593,1.473,1.8878
0.605,1.634,1.531,1.9128
0.635,1.631,1.534,1.9271
0.638,1.625,1.517,1.8508
0.604,1.6,1.481,1.8243
0.634,1.59,1.487,1.8333
0.615,1.574,1.47,1.8723
0.559,1.556,1.454,1.7963
0.564,1.6,1.501,1.7752
0.532,1.582,1.493,1.7453
0.52,1.591,1.492,1.7789
0.49,1.581,1.46,1.7507
0.488,1.636,1.507,1.7613
0.477,1.598,1.472,1.7367
0.508,1.621,1.504,1.7516
0.47,1.597,1.472,1.7001
0.486,1.598,1.475,1.7533
0.474,1.563,1.451,1.7723
0.511,1.597,1.493,1.8538
0.504,1.589,1.492,1.8487
0.502,1.562,1.471,1.8384
0.511,1.571,1.478,1.835
0.504,1.532,1.421,1.8629
0.476,1.468,1.351,1.8664
0.481,1.501,1.373,1.8282
0.468,1.48,1.353,1.851
0.502,1.485,1.362,1.851
0.476,1.47,1.354,1.8458
0.473,1.492,1.38,1.8354
0.466,1.48,1.373,1.7989
0.412,1.465,1.331,1.7004
0.452,1.516,1.466,1.7367
0.406,1.457,1.42,1.7177
0.409,1.425,1.39,1.7022
0.386,1.418,1.382,1.6867
0.387,1.425,1.381,1.6404
0.406,1.499,1.453,1.6096
0.423,1.56,1.504,1.613
0.4,1.558,1.496,1.572
0.4,1.593,1.54,1.5788
0.426,1.552,1.51,1.6078
0.421,1.476,1.43,1.6886
0.415,1.503,1.445,1.7059
0.421,1.494,1.431,1.6852
0.453,1.463,1.397,1.7458
0.381,1.626,1.552,1.5599
0.29,1.451,1.506,1.4377
0.24,1.311,1.397,1.4664
0.215,1.253,1.369,1.5155
0.181,1.16,1.256,1.4697
0.156,1.147,1.228,1.4441
0.16,1.148,1.245,1.4441
0.131,1.187,1.26,1.375
0.131,1.171,1.24,1.3682
0.133,1.178,1.241,1.385
0.102,1.145,1.192,1.3579
0.12,1.154,1.201,1.4303
0.19,1.172,1.223,1.51
0.146,1.146,1.206,1.4743
0.185,1.167,1.216,1.5356
0.23,1.224,1.253,1.5509
0.213,1.238,1.249,1.5818
0.203,1.184,1.233,1.5526
0.22,1.154,1.239,1.5801
0.215,1.12,1.242,1.556
0.208,1.112,1.232,1.5663
0.192,1.111,1.234,1.5731
0.192,1.108,1.246,1.5611
0.137,1.1,1.21,1.4976
0.129,1.085,1.196,1.5044
0.101,1.015,1.166,1.4531
0.125,1.023,1.179,1.5214
0.187,1.074,1.214,1.5558
0.188,1.085,1.216,1.542
0.129,1.02,1.144,1.5008
0.153,1.012,1.135,1.5885
0.151,0.987,1.12,1.592
0.139,1,1.118,1.547
0.102,0.944,1.075,1.5074
0.12,0.921,1.058,1.5593
0.111,0.925,1.04,1.5135
0.14,0.934,1.057,1.5576
0.193,0.979,1.115,1.5746
0.168,0.969,1.114,1.5491
0.136,0.913,1.073,1.5356
0.186,0.952,1.132,1.5781
0.134,0.932,1.102,1.5424
0.133,0.932,1.118,1.5458
0.142,0.929,1.124,1.5611
0.162,0.918,1.13,1.5731
0.168,0.942,1.132,1.6296
0.158,0.932,1.117,1.5595
0.145,0.947,1.105,1.5663
0.177,1.01,1.144,1.58
0.176,1.053,1.171,1.5681
0.187,1.026,1.169,1.6024
0.242,1.007,1.158,1.6024
0.173,0.926,1.086,1.534
0.163,0.928,1.079,1.5391
0.227,0.985,1.153,1.599
0.304,1.079,1.247,1.6749
0.331,1.08,1.276,1.6629
0.367,1.1,1.32,1.7271
0.316,1.069,1.292,1.6976
0.33,1.068,1.332,1.6907
0.306,1.075,1.34,1.6926
0.318,1.031,1.311,1.7118
0.278,0.981,1.249,1.6892
0.298,0.997,1.28,1.6511
0.198,0.917,1.188,1.6183
0.212,0.965,1.212,1.6184
0.18,0.916,1.183,1.5839
0.164,0.896,1.207,1.5564
0.158,0.894,1.181,1.5719
0.184,0.914,1.21,1.5599
0.183,0.878,1.186,1.5944
0.224,0.933,1.265,1.6221
0.263,0.974,1.305,1.6864
0.326,1.033,1.359,1.7021
0.283,1.006,1.34,1.7372
0.312,1.013,1.382,1.7181
0.344,1.024,1.394,1.7181
0.318,1.013,1.375,1.7638
0.361,1.061,1.417,1.7692
0.327,1.114,1.376,1.7411
0.334,1.122,1.379,1.7977
0.338,1.11,1.398,1.766
0.318,1.096,1.38,1.7379
0.307,1.111,1.383,1.7432
0.278,1.102,1.367,1.7556
0.283,1.113,1.373,1.7347
0.3,1.102,1.389,1.7647
0.305,1.08,1.381,1.756
0.365,1.127,1.457,1.7931
0.451,1.193,1.53,1.8536
0.464,1.228,1.584,1.8468
0.464,1.196,1.661,1.8255
0.497,1.293,1.751,1.8274
0.446,1.203,1.662,1.8025
0.467,1.23,1.693,1.8115
0.46,1.266,1.752,1.7762
0.463,1.241,1.705,1.8261
0.497,1.252,1.72,1.8547
0.538,1.274,1.751,2.0571
0.674,1.387,1.896,2.1501
0.744,1.471,2.018,2.1501
0.793,1.516,2.077,2.2614
0.725,1.456,1.961,2.2189
0.739,1.541,2.031,2.2225
0.742,1.59,2.092,2.3026
0.757,1.591,2.091,2.3548
0.755,1.607,2.068,2.3154
0.705,1.522,2.022,2.3119
0.779,1.594,2.115,2.3498
0.786,1.586,2.129,2.3498
0.785,1.57,2.086,2.3572
0.764,1.559,2.066,2.3124
0.696,1.507,1.942,2.291
0.749,1.548,1.986,2.3809
0.812,1.612,2.048,2.4481
0.716,1.539,1.9,2.3831
0.787,1.549,1.982,2.3941
0.801,1.489,1.941,2.3887
0.754,1.422,1.885,2.3401
0.803,1.501,1.994,2.4071
0.809,1.511,2.038,2.4675
0.863,1.496,1.993,2.4712
0.794,1.428,1.872,2.4713
0.733,1.399,1.793,2.5707
0.772,1.417,1.823,2.5967
0.764,1.421,1.87,2.5916
0.705,1.359,1.816,2.5382
0.714,1.334,1.837,2.5586
0.697,1.363,1.82,2.5348
0.725,1.398,1.849,2.5515
0.686,1.373,1.818,2.5373
0.686,1.373,1.818,2.5373
0.664,1.385,1.842,2.5596
0.67,1.336,1.809,2.508
0.649,1.322,1.792,2.475
0.681,1.38,1.812,2.4443
0.667,1.327,1.739,2.4443
0.774,1.415,1.863,2.4444
0.806,1.43,1.868,2.439
0.789,1.478,1.929,2.3443
0.828,1.537,1.959,2.4193
0.794,1.468,1.891,2.3647
0.803,1.472,1.912,2.3757
0.773,1.411,1.865,2.3721
0.775,1.4,1.891,2.3631
0.802,1.42,1.89,2.3964
0.8,1.415,1.903,2.3964
0.79,1.383,1.907,2.3253
0.823,1.438,1.952,2.4296
0.857,1.47,1.979,2.4739
0.904,1.496,2.014,2.4668
0.852,1.427,1.983,2.3971
0.897,1.498,2.035,2.4652
0.966,1.53,2.102,2.5116
1.024,1.561,2.226,2.5043
1.028,1.578,2.221,2.4843
1.054,1.622,2.318,2.4881
1.034,1.589,2.253,2.4531
1.084,1.672,2.307,2.4699
1.043,1.632,2.228,2.4737
1.077,1.673,2.258,2.4648
1.136,1.778,2.367,2.4077
1.109,1.761,2.358,2.3931
1.002,1.687,2.238,2.3363
0.983,1.615,2.165,2.3948
1.051,1.691,2.263,2.4073
1.02,1.654,2.217,2.4358
1.048,1.659,2.224,2.4698
1.049,1.674,2.233,2.4932
1.013,1.59,2.139,2.4467
1.033,1.621,2.181,2.4147
1.056,1.595,2.172,2.4147
1.086,1.668,2.233,2.429
1.011,1.672,2.183,2.4129
0.978,1.671,2.214,2.372
0.922,1.688,2.188,2.3117
0.875,1.643,2.127,2.365
0.886,1.636,2.079,2.3899
0.914,1.678,2.117,2.4526
0.923,1.689,2.13,2.4779
0.936,1.666,2.094,2.478
0.959,1.714,2.157,2.4997
0.959,1.726,2.186,2.5179
1.018,1.798,2.248,2.5597
1.078,1.826,2.306,2.6053
1.111,1.874,2.355,2.5745
1.088,1.892,2.355,2.6258
1.085,1.859,2.333,2.6002
1.035,1.824,2.291,2.493
1.088,1.887,2.357,2.5402
1.106,1.866,2.351,2.5005
1.117,1.834,2.354,2.4607
1.095,1.801,2.313,2.4175
1.044,1.718,2.255,2.405
1.041,1.722,2.264,2.4194
0.982,1.677,2.214,2.4123
0.97,1.671,2.185,2.3782
0.958,1.669,2.15,2.4178
0.928,1.627,2.126,2.3765
0.939,1.634,2.14,2.4197
0.966,1.652,2.309,2.3874
0.948,1.628,2.315,2.3193
0.924,1.603,2.266,2.3605
0.92,1.606,2.263,2.3354
0.896,1.611,2.262,2.3408
0.888,1.599,2.21,2.3822
0.927,1.595,2.23,2.3661
0.96,1.629,2.271,2.2962
0.925,1.656,2.29,2.2392
0.913,1.69,2.303,2.2374
0.913,1.69,2.303,2.2374
0.913,1.69,2.303,2.2498
0.89,1.656,2.252,2.1682
0.948,1.663,2.266,2.2143
0.921,1.687,2.254,2.232
0.933,1.676,2.251,2.248
0.825,1.592,2.175,2.273
0.894,1.659,2.257,2.3322
0.886,1.686,2.303,2.3035
0.825,1.614,2.237,2.2946
0.832,1.637,2.275,2.2802
0.832,1.637,2.275,2.318
0.815,1.643,2.299,2.2803
0.803,1.601,2.255,2.318
0.823,1.585,2.245,2.3541
0.84,1.546,2.16,2.3487
0.841,1.574,2.233,2.3868
0.864,1.608,2.272,2.3977
0.843,1.591,2.243,2.4141
0.874,1.633,2.285,2.3874
0.839,1.613,2.243,2.3257
0.877,1.626,2.269,2.3433
0.888,1.615,2.228,2.3257
0.832,1.55,2.146,2.2243
0.798,1.553,2.14,2.2294
0.803,1.562,2.129,2.2346
0.843,1.607,2.131,2.2537
0.84,1.605,2.115,2.2799
0.834,1.598,2.131,2.2502
0.79,1.569,2.109,2.2554
0.754,1.529,2.09,2.2465
0.736,1.544,2.176,2.2465
0.727,1.514,2.171,2.2098
0.731,1.542,2.193,2.2028
0.732,1.551,2.246,2.2114
0.707,1.564,2.254,2.1591
0.721,1.568,2.268,2.1817
0.667,1.526,2.246,2.1451
0.692,1.559,2.291,2.1729
0.644,1.465,2.166,2.1885
0.642,1.431,2.082,2.2005
0.595,1.434,2.012,2.2145
0.606,1.424,1.973,2.2109
0.581,1.37,1.932,2.1256
0.626,1.408,1.959,2.1637
0.63,1.446,1.982,2.1514
0.626,1.435,1.946,2.1879
0.601,1.37,1.904,2.1565
0.601,1.36,1.899,2.1634
0.598,1.369,1.897,2.1477
0.604,1.374,1.912,2.1423
0.595,1.366,1.889,2.137
0.732,1.486,2.053,2.2051
0.714,1.419,2.024,2.2279
0.803,1.519,2.145,2.2666
0.813,1.522,2.151,2.3037
0.826,1.511,2.128,2.3499
0.819,1.518,2.105,2.3499
0.815,1.561,2.15,2.3232
0.915,1.667,2.258,2.3659
0.937,1.724,2.337,2.3856
0.907,1.662,2.272,2.373
0.916,1.685,2.318,2.3605
0.861,1.63,2.251,2.3177
0.879,1.697,2.322,2.3444
0.857,1.641,2.284,2.3319
0.843,1.585,2.231,2.3141
0.813,1.537,2.186,2.259
0.799,1.553,2.187,2.2696
0.773,1.467,2.105,2.2589
0.75,1.446,2.064,2.2375
0.747,1.47,2.047,2.2552
0.812,1.538,2.134,2.3354
0.813,1.538,2.119,2.2872
0.8,1.491,2.087,2.3103
0.804,1.511,2.116,2.2889
0.8,1.483,2.089,2.2942
0.744,1.424,2.009,2.2532
0.747,1.445,2.006,2.271
0.717,1.437,1.982,2.2212
0.744,1.463,2.01,2.262
0.735,1.436,1.985,2.253
0.754,1.433,1.997,2.2619
0.714,1.415,2.005,2.2476
0.71,1.446,2.027,2.1975
0.675,1.436,2.024,2.1888
0.701,1.423,2.012,2.2185
0.724,1.459,2.043,2.2728
0.739,1.453,2.041,2.222
0.721,1.429,2.023,2.1853
0.709,1.549,2.028,2.1939
0.696,1.534,2.025,2.1817
0.701,1.561,2.095,2.2131
0.682,1.564,2.113,2.166
0.686,1.59,2.106,2.1939
0.693,1.591,2.094,2.1659
0.692,1.589,2.079,2.1571
0.654,1.553,2.059,2.1292
0.669,1.572,2.074,2.1309
0.66,1.554,2.037,2.117
0.683,1.593,2.072,2.1657
0.678,1.543,2.034,2.1657
0.646,1.525,1.994,2.0596
0.661,1.558,2.022,2.1046
0.612,1.486,1.915,2.0387
0.614,1.53,1.953,2.0507
0.632,1.56,1.96,2.1306
0.697,1.594,2.017,2.1672
0.683,1.57,2.035,2.1883
0.696,1.593,2.054,2.1847
0.707,1.597,2.073,2.2023
0.727,1.578,2.066,2.2287
0.723,1.547,2.042,2.2446
0.726,1.572,2.067,2.2676
0.735,1.614,2.104,2.2765
0.73,1.62,2.102,2.2499
0.698,1.616,2.102,2.2198
0.704,1.601,2.115,2.2357
0.761,1.637,2.145,2.3103
0.764,1.619,2.118,2.3085
0.742,1.597,2.107,2.3336
0.736,1.685,2.15,2.3408
0.748,1.714,2.158,2.3229
0.746,1.771,2.188,2.3229
0.733,1.693,2.144,2.348
0.733,1.702,2.142,2.3589
0.716,1.669,2.109,2.3589
0.715,1.685,2.122,2.3607
0.883,1.628,2.156,2.3481
0.861,1.629,2.111,2.3177
0.815,1.603,2.077,2.273
0.785,1.565,2.027,2.3034
0.775,1.539,1.993,2.2998
0.805,1.611,2.035,2.3465
0.81,1.628,2.023,2.3178
0.86,1.656,2.038,2.3845
0.836,1.618,1.999,2.3664
0.877,1.651,2.052,2.4189
0.881,1.639,2.031,2.4317
0.821,1.529,1.941,2.4609
0.789,1.58,1.944,2.4064
0.761,1.488,1.841,2.3684
0.753,1.453,1.82,2.3793
0.761,1.467,1.797,2.3721
0.758,1.476,1.791,2.345
0.751,1.469,1.788,2.3325
0.722,1.463,1.777,2.3163
0.685,1.402,1.696,2.3145
0.695,1.477,1.741,2.3343
0.748,1.526,1.81,2.3416
0.776,1.567,1.84,2.3984
0.777,1.527,1.827,2.4055
0.756,1.528,1.822,2.3717
0.73,1.544,1.829,2.3222
0.726,1.535,1.833,2.3753
0.705,1.548,1.83,2.3435
0.694,1.508,1.8,2.3666
0.668,1.472,1.771,2.3559
0.663,1.446,1.755,2.3187
0.675,1.458,1.773,2.3187
0.693,1.479,1.807,2.3418
0.672,1.468,1.779,2.3277
0.669,1.455,1.773,2.3277
0.708,1.479,1.786,2.3882
0.68,1.438,1.741,2.4097
0.606,1.411,1.711,2.3615
0.648,1.407,1.711,2.3723
0.632,1.411,1.704,2.3776
