1;A10065;FCT IDS DS III;485;1;1;1
2;FR0012938116;O.A.T 1% 11/2025;203;1;2;2
3;LU0582530498;ROBECO EMERGING EQTY;485;2;3;3
4;DE0001102358;DBR 1.5% 05/2024;97;1;2;2
5;XS0993145084;AT&T 2.65% 12/2021;44;1;4;4
6;A10024;ABENEX IV A;485;3;5;5
7;A10025;ABENEX IV B;485;3;5;5
8;A10035;ACF III MMBO A;485;3;5;5
9;A10036;ACF III MMBO B;485;3;5;5
10;A10039;LFPI CROISSANCE A;485;3;5;5
11;A10041;FRANCE EUR CAP A;485;3;5;5
12;A10042;FRANCE EUR CAP B;485;3;5;5
13;A10043;FAPI;485;3;5;5
14;A10044;CEREA MEZZANINE II A;485;3;5;5
15;A10045;CEREA MEZZANINE II B;485;3;5;5
16;A10046;ACF V A;485;3;5;5
17;A10047;ACF V B;485;3;5;5
18;A10048;FASO III;485;3;5;5
19;A10060;CAPENERGIE III A;485;3;5;5
20;AT0000386115;BUND AUT3.90% 07/20;371;1;2;2
21;AT0000A0U3T4;AUSTRIA 3.4% 11/2022;371;1;2;2
22;AT0000A105W3;AUSTRIA 1.75 10/2023;371;1;2;2
23;BE0000326356;BELGIUM 4% 03/2032;73;1;2;2
24;BE0933514839;FORTIS BANK 5,757%17;84;1;4;4
25;BE0948490249;PETERCAM B FD PAEU F;485;4;6;6
26;CH0011037469;SYNGENTA NAMEN;485;4;7;7
27;CH0011075394;ZURICH INSURANCE;485;4;7;7
28;CH0012032048;ROCHE HOLDING BJ;485;4;7;7
29;CH0024899483;UBS AG REGISTERED;485;4;7;7
30;CH0038863350;NESTLE SA;485;4;7;7
31;CH0043238366;ARYZTA AG;485;4;7;7
32;CH0210483332;CIE FIN RICHEMONT;485;4;7;7
33;CSL;Carlisle Cos Inc;485;5;8;8
34;DE0001030500;BUNDei 1.50% 04/2016;159;1;2;9
35;DE0001102325;BUND 2% 08/2023;97;1;2;2
36;DE0001134922;BUND 6.25% 01/2024;97;1;2;2
37;DE0001135044;Bund 6,50% 04/07/27;97;1;2;2
38;DE0001135069;BUND 5.625% 01/28;97;1;2;2
39;DE0001135226;BUND 4.75 07/2034;97;1;2;2
40;DE0003933685;DB EURIBOR 3M 200916;154;1;4;4
41;DE0005190003;BMW;485;4;7;7
42;DE0005785802;FRESENIUS MEDICAL CA;485;4;7;7
43;DE0005934426;UNICDT BK 6.00%02/14;447;5;8;8
44;DE0006483001;LINDE AG;485;4;7;7
45;DE0007164600;SAP AG SYSTEME ANW;485;4;7;7
46;DE0007236101;SIEMENS;485;4;7;7
47;DE0008404005;ALLIANZ AG;485;4;7;7
48;DE000A0PM5F0;KFW 4.625% 01/23;275;1;2;2
49;DE000A1EWEJ5;KFW 3.375% 01/21;275;1;2;2
50;DE000A1EWWW0;ADIDAS;485;4;7;7
51;DE000A1GNAH1;ALLIANZ 5.75% SUB;25;1;4;4
52;DE000BAY0017;BAYER AG;485;4;7;7
53;DE000DB7XJB9;DB 1.25%08/09/2021;154;1;4;4
54;DE000ENAG999;E.ON AG;485;4;7;7
55;DK0010181759;CARLSBERG AS-B;485;4;7;7
56;DK0060102614;NOVO-NORDISK B;485;4;7;7
57;ES0116870314;GAS NATURAL;485;4;7;7
58;ES0148396007;INDITEX;485;4;7;7
59;ES0211845252;ABERTIS 4.75 10/2019;6;1;4;4
60;ES0314950660;CJ MADR 3.875% 11/13;56;5;8;8
61;ES0413211782;BBVA 3.5% 05/12/2017;53;1;4;4
62;ES0413900186;SANTAN 3 7/8 05/27/14;57;5;8;8
63;ES0413900251;BCO SANT 4,625% 0616;57;1;4;4
64;ES0413900327;BCO SANTA 2.875 0118;57;1;4;4
65;EU000A1GN002;UNION EUR 3.25%04/18;190;1;2;2
66;EU000A1GRVV3;UNION EUR 3.50%06/21;190;1;2;2
67;EU000A1GVJX6;UNION EUR 2.75%09/21;190;1;2;2
68;EU000A1GVVF8;UNION EUR 3% 09/26;190;1;2;2
69;EURO;Umanis;485;6;9;10
70;FR0000008674;FIDELITY EUROPE;485;4;6;6
71;FR0000051732;ATOS ORIGIN;485;4;7;7
72;FR0000073298;IPSOS;485;4;7;7
73;FR0000120164;CGG VERITAS;485;4;7;7
74;FR0000120172;CARREFOUR;485;4;7;7
75;FR0000120537;LAFARGE;485;4;7;7
76;FR0000120578;SANOFI-AVENTIS;485;4;7;7
77;FR0000120628;AXA;485;4;7;7
78;FR0000120693;PERNOD RICARD;485;4;7;7
79;FR0000121014;LVMH;485;4;7;7
80;FR0000121261;MICHELIN;485;4;7;7
81;FR0000125486;VINCI;485;4;7;7
82;FR0000130338;VALEO;485;4;7;7
83;FR0000130577;PUBLICIS GROUPE SA;485;4;7;7
84;FR0000131104;BNP PARIBAS;485;4;7;7
85;FR0000131708;TECHNIP;485;4;7;7
86;FR0000180994;AXASA 3 3/4 01/01/17;52;1;4;4
87;XS06TEST0003;TEST;485;1;10;11
88;FR0000187635;OAT 5.75% 25/10/2032;203;1;2;2
89;FR0000188021;CT AGRIC. 5.10% 2013;136;5;8;8
90;FR0000188799;OATei  3.15% 07/2032;203;1;2;9
91;FR0000291239;CPR CASH P;485;5;8;8
92;FR0000474421;CNP ASS. TF/TV 05/23;121;1;4;4
93;FR0000492076;AXA 2.50% CV 01/14;52;5;8;8
94;FR0000941312;UBAM CONVERT EUROPE;485;1;11;12
95;FR0007017686;ARIANE ASIE FCP;485;2;3;3
96;FR0007036520;EOLE ACTIONS US FCP;485;2;12;13
97;FR0007074364;CARAVELLE ACTIONS US;485;2;12;13
98;FR0007078811;METROPOLE SELECTION;485;4;6;6
99;FR0007435920;Amundi Cash Institutions SRI;485;5;8;8
100;FR0007449531;#N/A Invalid Security;485;4;6;6
101;FR0007449533;ALLIANCE OBC A FCP;485;3;5;5
102;FR0007477088;SATURNE EUROPE FCP;485;4;6;6
103;FR0007482179;ICARE FCP;485;4;6;6
104;FR0010015982;BFCM 5% 03-30092015;61;1;4;4
105;FR0010016477;CANDRIAM INDX ARB.;485;3;13;14
106;FR0010070060;OAT 4.75% 25/04/2035;203;1;2;2
107;FR0010076190;BELUGA;485;4;6;6
108;FR0010083527;MOUSQUETAIRE;485;4;6;6
109;FR0010117366;BPCE 4.625%TF/TV 15;90;1;4;4
110;FR0010136382;SG 4.196% 26/01/15;407;1;4;4
111;FR0010137893;ZEPHYR;485;3;13;14
112;FR0010175844;DEXMA VRN 24/03/2020;102;1;4;4
113;FR0010176206;COLIBRI;485;2;3;3
114;FR0010178558;MACIF 4.625% 07/2015;296;1;4;4
115;FR0010192997;OAT 3.75% 25/04/2021;203;1;2;2
116;FR0010208751;GRPAMA TF/TV TSR;225;1;4;4
117;FR0010221234;EUTELSAT;485;4;7;7
118;FR0010251660;AMUNDI CASH CORP.;485;5;8;8
119;FR0010281568;NOBC EUROPE CV I;485;1;11;12
120;FR0010301713;CRDT LOGMT TF/TV 03/;138;1;4;4
121;FR0010312124;LYXOR ASIA PA EX JAP;485;2;3;3
122;FR0010337667;BNP PAR CASH INV I;485;5;8;8
123;FR0010348052;AGCE FR. DVP 07/2049;14;1;4;4
124;FR0010355784;CAPENERGIE A;485;3;5;5
125;FR0010371609;ALLIANZ HIGH YIELD;485;1;11;12
126;FR0010449264;MLFP 0 01/01/17;117;1;4;4
127;FR0010506956;EMTN ESTX CAL 250712;134;4;6;15
128;FR0010619890;NATIXIS ACT US;485;2;12;13
129;FR0010714196;VIVENDI 7.75% 01/14;462;5;8;8
130;FR0010725499;CPR CONVEXITE C;485;1;11;12
131;FR0010745141;ALTIPRO III SP;485;3;13;14
132;FR0010749598;CMARK 5 3/8 04/22/14;139;5;8;8
133;FR0010815464;GROUPAMA 7.875%10/19;225;1;4;4
134;FR0010820217;HAVAS 5.5% 11/14;228;1;4;4
135;FR0010829705;BEST BUSINESS MODELS;485;4;6;6
136;FR0010840066;ANTIN I. PARTNERS A2;485;3;5;5
137;FR0010840082;ANTIN I. PARTNERS B2;485;3;5;5
138;FR0010850032;OATi 1.30 25/07/19;203;1;2;9
139;FR0010884833;CAPENERGIE II A;485;3;5;5
140;FR0010884841;CAPENERGIE II B;485;3;5;5
141;FR0010899765;Amundi ETF FTSE Mib UCITS ETF;203;1;2;9
142;FR0010908533;EDENRED;485;4;7;7
143;FR0010916924;OAT 3.50% 25/04/2026;203;1;2;2
144;FR0010930685;GEM ACTIONS EUROPE S;485;4;6;6
145;FR0010941484;CNP ASSUR 6.00%09/20;121;1;4;4
146;FR0011057439;ILIAD 4.875% 06/16;254;1;4;4
147;FR0011124601;COFP 4.472 04/04/16;109;1;4;4
148;FR0011257260;BUREAU VERIT 3,75%17;99;1;4;4
149;FR0011301480;CASINO 3.157 08/2019;109;1;4;4
150;FR0011317783;O.A.T 2.75 10/2027;203;1;2;2
151;FR0011321926;RTE 2,125% 200919;377;1;4;4
152;FR0011363423;LYXOR ETF MSCI USA;485;2;12;13
153;FR0011425883;US CONCORD;485;2;12;13
154;FR0011427848;OATe 0.25 25/07/2024;203;1;2;9
155;FR0011485051;LVMH 1.25% 11/2019;295;1;4;4
156;FR0011502830;Pl. Omnium 05/2020;118;1;4;4
157;FR0011531730;GDF SUEZ 4.75% PERP;184;1;4;4
158;FR0011536614;VIVENDI 2.375 01/19;462;1;4;4
159;FR0011560986;AREVA 3.25% 09/2020;329;1;4;4
160;FR0011645605;LYXOR ETF MSCI EM;485;2;3;3
161;FR0011855865;BQE POST SUB 04/2026;281;1;4;4
162;FR0012018851;BPCE 07/2026 SUB;90;1;4;4
163;FR0012159812;CADES 1.375  11/2024;101;1;2;2
164;FR0120306883;CARREF EURIB 3M01/14;107;5;8;8
165;GB0002162385;AVIVA PLC;485;4;7;7
166;GB0002875804;BRITISH AM.TOBACCO;485;4;7;7
167;GB0004835483;SABMILLER;485;4;7;7
168;GB0005405286;HSBC HOLDINGS;485;4;7;7
169;GB0007188757;RIO TINTO;485;4;7;7
170;GB0007980591;BP;485;4;7;7
171;GB0008762899;BG GROUP;485;4;7;7
172;GB0031698896;WILLIAM HILL;485;4;7;7
173;GB0033986497;ITV;485;4;7;7
174;GB00B01FLG62;G4S PLC;485;4;7;7
175;GB00B03MLX29;ROYAL DUTCH SHEL A;485;4;7;7
176;GB00B126KH97;DEBENHAMS Plc;485;4;7;7
177;GB00B16GWD56;VODAFONE GROUP NV;485;4;7;7
178;GB00B19NLV48;EXPERIAN Plc;485;4;7;7
179;GB00B1VMD022;M&G Optimal Income;485;3;13;14
180;GB00B24CGK77;RECKITT BENCKISER AN;485;4;7;7
181;IE0007286036;VANGUARD JAP IDX EUR;485;2;3;3
182;IE00B3L68Z83;#N/A Invalid Security;485;3;13;14
183;IE00B5MTWD60;SOURCE DJ STX 600 BK;485;4;6;16
184;IE00B5MTWY73;SOURCE DJ STX 600 BR;485;4;7;16
185;IE00B5MTXK03;SOURCE STOXX600 UTL;485;4;7;16
186;IT0000068525;SAIPEM SPA;485;4;7;7
187;IT0000366655;BTPS 9 11/2023;98;1;2;2
188;IT0001278511;BTPS 5.25% 11/2029;98;1;2;2
189;IT0001307286;MEDIOCREDITO 02/2019;260;1;4;4
190;IT0004604671;BTPei 2,1% 15/09/21;98;1;2;9
191;IT0004735152;BTPei 3.1% 15/09/26;98;1;2;9
192;IT0004759673;BTPS 5% 01/03/2022;98;1;2;2
193;DE000BLB5PG5;BYLAN 5 1/8 01/29/19;70;1;4;4
194;IT0004801541;ITALY 5,5% 010922;98;1;2;2
195;IT0004848831;BTP 5.5% 01/11/2022;98;1;2;2
196;JE00B2QKY057;SHIRE;485;4;7;7
197;LU0119753134;INVESCO PAN EUR C;485;4;6;17
198;LU0191819951;UNI GLOBAL EQ EUR;485;4;6;17
199;LU0260086037;JUPITER EUR GROWTH I;485;4;6;6
200;LU0284634564;EXANE CERES F;485;3;13;14
201;LU0323134006;ARCELORMITTAL;485;4;7;7
202;LU0345362361;FF ASIA PACIFIC;485;2;3;3
203;LU0368230461;BGF EUR CLASS I2EURO;485;4;6;6
204;LU0417733242;EXANE ARCHIMEDES F.;485;3;13;14
205;LU0454739615;ROBECO US PREM EQ NH;485;2;12;13
206;LU0496786905;LYXOR ETF AUSTRALIE;485;2;3;3
207;LU0498181733;ABERD GD EMERGING MK;485;2;3;3
208;LU0569974404;APERAM SA;485;4;7;7
209;LU0802113760;JPM  EMERGING MARKET;485;2;3;3
210;LU0949170939;BGF EUROPEAN VALUE;485;4;6;6
211;LU0996180351;AMUNDI INDX EQ JAPAN;485;2;3;3
212;LU1082674612;LYXOR ETF AUSTRALIA;485;2;3;3
213;NL0000102275;NEDER. 3.75% 01/23;328;1;2;2
214;NL0000102317;NETHERLAND 5,5% 0128;328;1;2;2
215;NL0000226223;STMICROELECTRONICS;485;4;7;7
216;NL0000303600;ING GROEP NV CVA;485;4;7;7
217;NL0000400653;GEMALTO NV;485;4;7;7
218;NL0010273215;ASML HOLDING NV;485;4;7;7
219;NL0010418810;NETH 1.75 07/2023;328;1;2;2
220;NO0010063308;TELENOR;485;4;7;7
221;PTCPPROE0027;BCO SANT2.625% 04/13;58;5;8;8
222;PTJMT0AE0001;JERONIMO MARTINS;485;4;7;7
223;QS0248860AT5;LA FAYETTE REG;485;3;13;14
224;RETRO GALAXI;#N/A Invalid Security;485;3;13;14
225;SE0000103814;ELECTROLUX B;485;4;7;7
226;SE0000115446;VOLVO;485;4;7;7
227;US05568HAA32;BNP 4.8 06/24/15;83;1;4;4
228;US87927VAL27;TITIM 4.95 09/30/14;425;5;8;8
229;USF8586CAM40;SOCGEN 3 1/2 01/15/16;407;1;4;4
230;USL2967VEB73;ENELIM 3 7/8 10/07/14;182;1;4;4
231;VGG534051179;LA FAYETTE EUROPE;485;3;13;14
232;VGG534051583;LA FAYETTE HOLDING B;485;3;13;14
233;VGG534221046;LA FAYETTE HLD A USD;485;3;13;14
234;VGG534221467;LA FAYETTE HOLD USD;485;3;13;14
235;VGG534221533;LA FAYETTE HOLDGS SP;485;3;13;14
236;xs0747053832;RBS EURIBOR3M 170214;375;5;8;8
237;XS0113243470;ABN AMRO BK 30/06/17;7;1;4;4
238;XS0165867226;BARCLAYS4.875% 03/13;65;5;8;8
239;XS0177448015;AVIVA TF/TV 10/13;51;1;4;4
240;XS0179207583;SG CAP TST 3 PERP;396;5;8;8
241;XS0205436040;JP MORGAN 12/11/2019;269;1;4;4
242;XS0226062981;CITIGROUP 3.50%08/15;119;1;4;4
243;XS0229840474;DB 0 09/22/15;154;1;4;4
244;XS0231555672;JPM 0 10/12/15;269;1;4;4
245;XS0240868793;INTNED 0 03/18/16;257;1;4;4
246;XS0242820586;MEDIOBANCA 02/2016;303;1;4;4
247;XS0247757718;UNICRDT FLOAT. 03/16;449;1;4;4
248;XS0270800815;MS 4 3/8 10/12/16;314;1;4;4
249;XS0275164084;KPN 4.75% 17/01/2017;278;1;4;4
250;XS0282445336;RABOBK 4 1/4 01/16/17;130;1;4;4
251;XS0303074883;CITI SUB 05/2017;119;1;4;4
252;XS0315832765;EMTN EURIB+1.30%IXIS;324;1;4;4
253;XS0323411016;STANDARD 5,875% 0917;413;1;4;4
254;XS0323922376;AXA 6.211% 10/2049;52;1;4;4
255;XS0357251726;WOLTERS KLUW 04/2018;479;1;4;4
256;XS0365303329;SG 7.756% 22/05/2013;407;1;4;4
257;XS0418799630;SCHLUM 4.50% 03/14;390;5;8;8
258;XS0426126180;PORT TEL 6% 04/13;354;5;8;8
259;XS0426738976;DONGAS 6.5% 05/2019;344;1;4;4
260;XS0436012024;UBIBANCA4.939% 0614;450;1;4;4
261;XS0441744645;ICAP GRP 7.50% 07/14;253;5;8;8
262;XS0442190855;ZURICH INS 07/2039;120;1;4;4
263;XS0442330295;GAZ CAP 8.125% 02/15;208;1;4;4
264;XS0443469316;CITI 7.375% 09/2019;119;1;4;4
265;XS0454794123;HELLA KG 7.25% 10/14;232;1;4;4
266;XS0478074924;RABOBANK 4.125%01/20;130;1;4;4
267;XS0479541699;GASSM 4 1/8 01/26/18;205;1;4;4
268;XS0484797153;URENCO 4% 05/05/2017;452;1;4;4
269;XS0495010133;EDP FIN. 3.25% 03/15;170;1;4;4
270;XS0529627498;LEASEPLAN FLOAT 0713;288;5;8;8
271;XS0531257193;SANTANDER 3.5% 08/14;385;1;4;4
272;XS0542298012;RWE 4.625% 09/2049;378;1;4;4
273;XS0550978364;ABBEY 3 3/8 10/20/15;5;1;4;4
274;XS0578317587;BQ PSA 3.875% 01/15;62;1;4;4
275;XS0585904443;TELEFO 4 3/4 02/07/17;426;1;4;4
276;XS0594299066;BQ PSA 4.25% 02/16;62;1;4;4
277;XS0594515966;MORG 4.50% 23/02/16;314;1;4;4
278;XS0599962072;CA LOND 3.625% 03/16;135;1;4;4
279;XS0602211202;RCI BQUE 4.00% 03/16;366;1;4;4
280;XS0602534637;HIT FINANCE 03/2018;235;1;4;4
281;XS0605207983;BARCLAYS 4.125%03/16;65;1;4;4
282;XS0614190477;IBESM 4 5/8 04/07/17;249;1;4;4
283;XS0625353262;MONTE 4 1/8 11/11/13;313;1;4;4
284;XS0625359384;GS 4 1/2 05/09/16;223;1;4;4
285;XS0626808496;GE 3.625 06/2017;210;1;4;4
286;XS0627692204;DANSKE BK3.875%05/16;147;1;4;4
287;XS0637844605;JP MORGAN 3.75%06/16;269;1;4;4
288;XS0647188605;AMADEUS 4,875% 0716;28;1;4;4
289;XS0693854605;STANLN 3 7/8 10/20/16;414;1;4;4
290;XS0716979249;PETROBRAS 03/2018;346;1;4;4
291;XS0718395089;REPSM 4 1/4 02/12/16;370;1;4;4
292;XS0723623491;BNP EURIB 3M 12/12;83;5;8;8
293;XS0731153291;ING 4.25% 13/01/17;257;1;4;4
294;XS0742446700;EVERYTH 3,5% 0217;171;1;4;4
295;XS0746002392;CREDIT AGRI 02/2019;135;1;4;4
296;XS0747053832;RBS EURIBOR3M 170214;375;5;8;8
297;XS0747897493;SAMPO 4,25% 0217;381;1;4;4
298;XS0750763806;ISPIM 5 02/28/17;260;1;4;4
299;XS0759014375;SANTAN 4 03/27/17;385;1;4;4
300;XS0764278528;MUNICH RE 6.25%;319;1;4;4
301;XS0767815599;GLENCORE FIN 04/2018;221;1;4;4
302;XS0787483626;MTU AERO 3% 12-0617;316;1;4;4
303;XS0790133317;RAIF.BK EURIB3M 0615;365;5;8;8
304;XS0798555537;ENI 3.75% 27/06/2019;185;1;4;4
305;XS0811603090;EE FINANCE 08/2018;171;1;4;4
306;XS0828012863;TELEF 5.811% 09/2017;426;1;4;4
307;XS0831370613;REPSOL 4.375 02/2018;370;1;4;4
308;XS0857215346;XSTRARA 2.37 11/2018;219;1;4;4
309;XS0872702112;BBVA 3.75% 01/2018;71;1;4;4
310;XS0904823431;PROSEGUR 04/2018;361;1;4;4
311;XS0905797113;RENAULT 22/01/2018;366;1;4;4
312;XS0906394043;NWIDE 4.125% 03/2023;323;1;4;4
313;XS0911431517;FR TEL 1.875 10/2019;342;1;4;4
314;XS0956201759;LS DREYFUS 07/2018;293;1;4;4
315;XS0963375232;GS 2.625 19/08/2020;223;1;4;4
316;XS0973623514;UNICREDIT 24/01/2019;449;1;4;4
317;XS0974877150;GLENCORE  30/09/2020;221;1;4;4
318;XS0983704718;Std CHART SUB10/2025;414;1;4;4
319;XS0984367077;JPMORGAN 04/2021;269;1;4;4
320;XS0985666436;RESFER 3.125 10/2028;404;1;4;4
321;XS0995102695;INTNED 3 1/2 11/21/23;257;1;4;4
322;XS1014539289;ABBEY 2% 14/01/2019;386;1;4;4
323;XS1016720853;BBVASM 2 3/8 01/22/19;71;1;4;4
324;XS1033018158;UBIIM 2.875 02/2019;450;1;4;4
325;XS1035751764;BARCLAYS 2.125 02/21;65;1;4;4
326;XS1037382535;ING 3.625% 25/02/26;257;1;4;4
327;XS1040041649;HELLA 1.25% 07/2017;232;1;4;4
328;XS1046272420;MEDIOBANCA 03/2019;303;1;4;4
329;XS1046827405;BNP 03/2026 SUB;83;1;4;4
330;XS1047514408;CARREF Float 03/2018;107;1;4;4
331;XS1069772082;RABOBANK 2.5% SUB;130;1;4;4
332;XS1069552393;HEATHROW 05/2022;229;1;4;4
333;IT0001444378;BTPS 6% 05/2031;98;1;2;2
334;XS1110558407;SOC.GEN.09/26 SUB;407;1;4;4
335;FR0012206217;MACIFS 3.916 PERP;296;1;4;4
336;FR0011883966;OAT 2.5% 25/05/2030;203;1;2;2
337;FR0011052661;CASINO 4.726 05/2021;109;1;4;4
338;IT0004889033;BTPS 4.75 09/2028;98;1;2;2
339;FR0000571218;OAT 5.50% 25/04/2029;203;1;2;2
340;IT0005001547;BTPS 3.75% 09/2024;98;1;2;2
341;DE0001135341;DBR 4 01/04/18;97;1;2;2
342;IT0005024234;BTPS 3 1/2 03/01/30;98;1;2;2
343;FR0012993103;OAT 1.5% 05/2031;203;1;2;2
344;IE00B60SWY32;SOURCE MSCI EUROPE;485;4;6;16
345;FR0012602753;GDF SUEZ 03/2022;184;1;4;4
346;CH0012138605;ADECCO SA;485;4;7;7
347;ES0109067019;AMADEUS IT HOLDING;485;4;7;7
348;GB0006731235;ASSD BRITISH FOODS;485;4;7;7
349;GB0031743007;BURBERRY GROUP PLC;485;4;7;7
350;FR0006174348;BUREAU VERITAS;485;4;7;7
351;SE0000163628;ELEKTA AB-B;485;4;7;7
352;FR0004035913;ILIAD SA;485;4;7;7
353;CH0012005267;NOVARTIS;485;4;7;7
354;DK0060534915;NOVO-NORDISK AS;485;4;7;7
355;SE0000112724;SVENSKA CELLULOSA AB;485;4;7;7
356;GB00BH4HKS39;VODAFONE GROUP PLC;485;4;7;7
357;A10055;CAPENTREPRENEURS;485;3;5;5
358;A10050;MEIF4 MACQUARIE;485;3;5;5
359;A10056;OFI INFRAVIA;485;3;5;5
360;LU0755949418;AMUNDI FDS MINVAR;485;4;6;17
361;XS0452187759;ENELIM 4 09/14/16;182;1;4;4
362;LU0975848697;ROBECO US LARGE CAP;485;2;12;13
363;XS1166160173;ABBEY NAT 01/2022;386;1;4;4
364;LU0811899946;OSSIAM ETF MINVAR;485;4;6;17
365;XS1135334800;APPLE 1% 11/2022;39;1;4;4
366;A10058;ACF CIF BOE;485;3;5;5
367;FR0010409789;CNP ASS 4.75% PERP;121;1;4;4
368;LU1120175424;QUONIAM MINRISK;485;4;6;17
369;LU1222728690;BLACKROCK EU EQ I2;485;4;6;6
370;FR0011635218;ANTIN INFRAT II;485;3;5;5
371;RETROGALAXIE;#N/A Invalid Security;485;3;13;14
372;A10063;FCT CIC DEBT FUND 1;485;1;1;1
373;FR0011182641;EDF 3.875 01/2022;173;1;4;4
374;XS0271758301;HIT FINANCE 10/2021;235;1;4;4
375;A10062;FCT DEBT FUND2024;485;1;1;1
376;XS1110449458;JP MORGAN 09/2021;269;1;4;4
377;PTOTEKOE0011;PGB 2 7/8 10/15/25;339;1;2;2
378;FR0010171975;OAT 4% 25/04/2055;203;1;2;2
379;FR0010371401;OAT 4% 25/10/2038;203;1;2;2
380;FR0010773192;FRTR 4 1/2 04/25/41;203;1;2;2
381;FR0010870956;FRTR 4 04/25/60;203;1;2;2
382;FR0011461037;FRTR 3 1/4 05/25/45;203;1;2;2
383;FR0000571150;OAT 6% 25/10/2025;203;1;2;2
384;FR0012517027;FRTR 0 1/2 05/25/25;203;1;2;2
385;FR0010466938;OAT 4.25% 25/10/23;203;1;2;2
386;FR0011196856;FRTR 3 04/25/22;203;1;2;2
387;FR0011337880;FRTR 2 1/4 10/25/22;203;1;2;2
388;FR0011486067;FRTR 1 3/4 05/25/23;203;1;2;2
389;FR0011619436;FRTR 2 1/4 05/25/24;203;1;2;2
390;FR0011962398;FRTR 1 3/4 11/25/24;203;1;2;2
391;FR0000571085;FRTR 8 1/2 04/25/23;203;1;2;2
392;FR0000571044;FRTR 8 1/4 04/25/22;203;1;2;2
393;DE0001135143;BUND 6.25% 01/30;97;1;2;2
394;DE0001135176;BUND 5.50% 01/04/31;97;1;2;2
395;DE0001135275;BUND 4% 01/2037;97;1;2;2
396;DE0001135325;BUND 4.25% 07/2039;97;1;2;2
397;DE0001135366;DBR 4 3/4 07/04/40;97;1;2;2
398;DE0001135432;DBR 3 1/4 07/04/42;97;1;2;2
399;DE0001135481;DBR 2 1/2 07/04/44;97;1;2;2
400;DE0001102341;DBR 2 1/2 08/15/46;97;1;2;2
401;FR0012407104;REGARD CONVERT N;485;1;11;12
402;ES0171996012;GRIFOLS SA;485;4;7;7
403;DE0001135085;BUND 4.75% 07/2028;97;1;2;2
404;NL0010071189;NETHER 2 1/2 01/15/33;328;1;2;2
405;NL0010721999;NETHER 2 3/4 01/15/47;328;1;2;2
406;AT0000A04967;RAGB 4.15 03/15/37;371;1;2;2
407;AT0000A0DXC2;RAGB 4.85 03/15/26;371;1;2;2
408;AT0000A0U299;RAGB 3.8 01/26/62;371;1;2;2
409;NL0000102234;NEDERLAND 4% 01/37;328;1;2;2
410;NL0009446418;NETHER 3 3/4 01/15/42;328;1;2;2
411;AT0000A0VRQ6;RAGB 3.15 06/20/44;371;1;2;2
412;AT0000A10683;RAGB 2.4 05/23/34;371;1;2;2
413;AT0000383864;RAGB 6 1/4 07/15/27;371;1;2;2
414;FR0012300820;APRR 1.125 01/2021;40;1;4;4
415;IT0005045270;BTPS 2.5% 12/2024;98;1;2;2
416;FR0011220359;Amundi - Amundi Treso Court Te;485;5;8;8
417;XS1169353254;GE CAPITAL 01/2022;210;1;4;4
418;XS1128148845;CITI 1.375 10/2021;119;1;4;4
419;BE0000324336;BGB 4 1/2 03/28/26;73;1;2;2
420;BE0000331406;BGB 3 3/4 06/22/45;73;1;2;2
421;GB00BRS65X63;INDIVIOR Plc;485;4;7;7
422;FR0000125007;SAINT GOBAIN;485;4;7;7
423;CH0244767585;UBS GROUP AG;485;4;7;7
424;BE0000304130;BGB 5 03/28/35;73;1;2;2
425;BE0000320292;BGB 4 1/4 03/28/41;73;1;2;2
426;IT0003934657;BTP 4% 01/02/2037;98;1;2;2
427;IT0004286966;BTPS 5 08/01/39;98;1;2;2
428;BE0000333428;BGB 3 06/22/34;73;1;2;2
429;BE0000334434;BGB 0.8 06/22/25;73;1;2;2
430;BE0000291972;BGB 5 1/2 03/28/28;73;1;2;2
431;BE0000335449;BGB 1 06/22/31;73;1;2;2
432;IT0003256820;BTPS 5 3/4 02/01/33;98;1;2;2
433;IT0003535157;BTPS 5 08/01/34;98;1;2;2
434;XS0546218925;ABNANV 3 5/8 10/06/17;7;1;4;4
435;XS0615797700;ABNANV 4 1/4 04/11/16;7;1;4;4
436;IT0004513641;BTPS 5 01/03/2025;98;1;2;2
437;IT0004532559;BTP 5.00% 01/09/40;98;1;2;2
438;IT0004644735;BTPS 4 1/2 03/01/26;98;1;2;2
439;IT0004923998;BTPS 4 3/4 09/01/44;98;1;2;2
440;IT0005083057;BTPS 3 1/4 09/01/46;98;1;2;2
441;IT0001086567;BTP 7.25% 01/11/26;98;1;2;2
442;FR0010567651;ACAFP 5.4 02/04/20;136;1;4;4
443;IT0001174611;BTPS 6.5% 11/2027;98;1;2;2
444;XS0729213131;ABNANV 4 3/4 01/11/19;7;1;4;4
445;FR0010138487;ACAFP 4 12/22/16;136;1;4;4
446;FR0010163444;ACAFP 3.9 02/28/17;136;1;4;4
447;FR0010289082;ACAFP 4 03/03/18;136;1;4;4
448;FR0010456384;ACAFP 4.3 04/30/19;136;1;4;4
449;XS0334417978;ACAFP 4.95 12/13/17;132;1;4;4
450;IT0004953417;BTPS 4.5% 03/2024;98;1;2;2
451;FR0012596179;RCI BANQUE 03/2020;366;1;4;4
452;XS0343877451;ACAFP 5.971 02/01/18;136;1;4;4
453;FR0010694166;ACAFP 6.867 12/19/18;136;1;4;4
454;FR0010706606;ACAFP 0 01/29/17;136;1;4;4
455;XS0432092137;ACAFP 5 7/8 06/11/19;136;1;4;4
456;XS0844529049;ACAFP 1 7/8 10/18/17;135;1;4;4
457;XS0901338706;ACAFP 1 3/4 03/12/18;135;1;4;4
458;XS0970840095;ACEIM 3 3/4 09/12/18;9;1;4;4
459;FR0011274026;ACFP 2 7/8 06/19/17;8;1;4;4
460;FR0011452291;ACFP 2 1/2 03/21/19;8;1;4;4
461;XS0878195584;ACHMEA 2 01/23/18;10;1;4;4
462;XS0616395199;ADENVX 4 3/4 04/13/18;11;1;4;4
463;XS0953093308;ADENVX 2 3/4 11/15/19;11;1;4;4
464;FR0011266519;ADPFP 2 3/8 06/11/19;13;1;4;4
465;XS0805452405;AEGON 3 07/18/17;12;1;4;4
466;XS0463509959;AEMSPA 4 1/2 11/02/16;3;1;4;4
467;XS0859920406;AEMSPA 4 1/2 11/28/19;3;1;4;4
468;FR0010500744;AIFP 5 1/4 07/18/17;16;1;4;4
469;FR0010948257;AIFP 2.908 10/12/18;17;1;4;4
470;FR0011521277;AIFP 1 1/2 06/17/19;16;1;4;4
471;XS0252366702;AIG 4 3/8 04/26/16;33;1;4;4
472;XS0291642154;AIG 0 03/15/67;33;1;4;4
473;XS0307512722;AIG 5 06/26/17;33;1;4;4
474;XS0176914579;AIRFP 5 1/2 09/25/18;19;1;4;4
475;XS0445463887;AIRFP 4 5/8 08/12/16;20;1;4;4
476;FR0010955559;AKEFP 4 10/25/17;41;1;4;4
477;XS0979035572;AKTIA 1 3/4 10/09/17;21;1;4;4
478;XS0719962986;AKZANA 4 12/17/18;22;1;4;4
479;XS0942756445;ALDFP 1 7/8 06/13/16;23;1;4;4
480;XS0997374847;ALDFP 2 05/26/17;23;1;4;4
481;XS1174814415;ALDFP 0 3/4 01/26/18;23;1;4;4
482;XS0208469923;ALLRNV 4 1/2 12/17/19;24;1;4;4
483;XS0423530350;ALLRNV 5 1/2 04/20/16;24;1;4;4
484;XS0997535520;ALLRNV 3 1/4 PERP;24;1;4;4
485;FR0010850701;ALOFP 4 1/8 02/01/17;27;1;4;4
486;FR0010948240;ALOFP 3 5/8 10/05/18;27;1;4;4
487;FR0011193531;ALOFP 3 7/8 03/02/16;27;1;4;4
488;FR0011342740;ALOFP 2 1/4 10/11/17;27;1;4;4
489;FR0011531631;ALOFP 3 07/08/19;27;1;4;4
490;XS0211637839;ALVGR 4 3/8 PERP;25;1;4;4
491;XS0275880267;ALVGR 4 11/23/16;25;1;4;4
492;XS0405475509;ALVGR 5.26 12/17/18;26;1;4;4
493;XS0406076843;ALVGR 5.352 12/18/18;26;1;4;4
494;DE000A1AKHB8;ALVGR 4 3/4 07/22/19;25;1;4;4
495;XS0718961534;ALVGR 3.58 12/17/18;26;1;4;4
496;DE000A1HG1J8;ALVGR 1 3/8 03/13/18;25;1;4;4
497;XS0604462704;AMCAU 4 5/8 04/16/19;30;1;4;4
498;XS0710090928;AMGN 4 3/8 12/05/18;34;1;4;4
499;XS0829317832;AMGN 2 1/8 09/13/19;34;1;4;4
500;XS1146627473;AMSSM 0 5/8 12/02/17;29;1;4;4
501;XS0519903743;AMXLMM 3 3/4 06/28/17;31;1;4;4
502;XS0699618863;AMXLMM 4 1/8 10/25/19;31;1;4;4
503;XS0969340768;AMXLMM 5 1/8 09/06/73;31;1;4;4
504;XS1074479384;AMXLMM 1 06/04/18;31;1;4;4
505;XS0605521185;HSBC 3 7/8 03/16/16;240;1;4;4
506;DE000A1HNTJ5;ANNGR 2 1/8 07/25/16;469;1;4;4
507;DE000A1HNW52;ANNGR 3 1/8 07/25/19;469;1;4;4
508;XS0450880496;ANZ 5 1/8 09/10/19;48;1;4;4
509;XS0493543986;ANZ 3 3/4 03/10/17;48;1;4;4
510;XS0289185182;APD 4 5/8 03/15/17;18;1;4;4
511;FR0010989111;ARRFP 5 01/12/17;40;1;4;4
512;FR0011050764;ARRFP 4 7/8 01/21/19;40;1;4;4
513;FR0011182930;ARRFP 5 1/8 01/18/18;40;1;4;4
514;FR0011693001;ARRFP 2 1/4 01/16/20;40;1;4;4
515;XS1014759648;ASSGEN 2 7/8 01/14/20;43;1;4;4
516;XS0757310270;ATCOA 2 5/8 03/15/19;46;1;4;4
517;XS0427290357;ATLIM 5 5/8 05/06/16;45;1;4;4
518;XS0542522692;ATLIM 3 3/8 09/18/17;50;1;4;4
519;XS0744125302;ATLIM 4 1/2 02/08/19;50;1;4;4
520;IT0004869985;ATLIM 3 5/8 11/30/18;45;1;4;4
521;FR0010746008;AUCHAN 6 04/15/19;47;1;4;4
522;FR0010962134;AUCHAN 2 7/8 11/15/17;47;1;4;4
523;FR0011064500;AUCHAN 3 5/8 10/19/18;47;1;4;4
524;FR0011156017;AUCHAN 3 12/02/16;47;1;4;4
525;XS0364908375;AVLN 6 7/8 05/22/38;51;1;4;4
526;XS0260057285;AXASA 5.777 PERP;52;1;4;4
527;XS0267828308;BAC 4 5/8 09/14/18;59;1;4;4
528;XS0286040331;BAC 4 5/8 02/07/17;59;1;4;4
529;XS0433130456;BAC 7 06/15/16;59;1;4;4
530;XS0495891821;BAC 4 3/4 04/03/17;59;1;4;4
531;XS0530879658;BAC 4 5/8 08/07/17;59;1;4;4
532;XS1002977103;BAC 1 7/8 01/10/19;59;1;4;4
533;XS0881544281;BACA 2 5/8 01/30/18;448;1;4;4
534;XS0996755350;BACA 2 1/2 05/27/19;448;1;4;4
535;XS1090178846;BACA 0.943 07/24/17;448;1;4;4
536;XS0342289575;BACR 6 01/23/18;65;1;4;4
537;XS0445843526;BACR 4 7/8 08/13/19;65;1;4;4
538;XS0479945353;BACR 4 01/20/17;65;1;4;4
539;XS0530193662;BACRED 3.8 06/20/18;302;1;4;4
540;XS0615801742;BACRED 4 5/8 10/11/16;302;1;4;4
541;XS0638550730;BACRED 0 06/20/16;302;1;4;4
542;IT0004783046;BACRED 0 12/12/17;303;1;4;4
543;IT0004955685;BACRED 4 09/30/18;303;1;4;4
544;XS1137512312;BACRED 0 7/8 11/14/17;303;1;4;4
545;XS0955552178;BANBRA 3 3/4 07/25/18;54;1;4;4
546;XS0170386998;BASGR 4 7/8 06/20/18;115;1;4;4
547;DE000A0JRFB0;BASGR 4 1/2 06/29/16;67;1;4;4
548;XS0437957086;BASGR 4 5/8 07/07/17;67;1;4;4
549;XS0836260975;BASGR 1 1/2 10/01/18;67;1;4;4
550;XS1017828911;BASGR 1 3/8 01/22/19;67;1;4;4
551;XS0307791698;BATSLN 5 3/8 06/29/17;68;1;4;4
552;XS1023268490;BAYNGR 1 1/8 01/24/18;69;1;4;4
553;ES0213211107;BBVASM 0 02/16/22;53;1;4;4
554;XS0615986428;BBVASM 4 7/8 04/15/16;71;1;4;4
555;XS0901738392;BBVASM 3 1/4 03/21/16;71;1;4;4
556;XS1055241373;BBVASM 3 1/2 04/11/24;53;1;4;4
557;BE0932180103;PROXBB 4 3/8 11/23/16;362;1;4;4
558;BE6215434620;PROXBB 3 7/8 02/07/18;362;1;4;4
559;XS0268583993;BERTEL 4 3/4 09/26/16;75;1;4;4
560;XS0255300633;BFCM 4 3/8 05/31/16;61;1;4;4
561;XS0297541285;BFCM 4 5/8 04/27/17;61;1;4;4
562;XS0563730984;BFCM 3 3/4 01/26/18;61;1;4;4
563;XS0794620806;BFCM 2 7/8 06/21/17;61;1;4;4
564;XS0873248420;BFCM 1 5/8 01/11/18;61;1;4;4
565;XS0906403059;BFCM 2 09/19/19;61;1;4;4
566;XS0526811384;BGGRP 3 5/8 07/16/19;76;1;4;4
567;XS0706245163;BGGRP 3 11/16/18;76;1;4;4
568;XS0796069283;BGGRP 6 1/2 11/30/72;76;1;4;4
569;XS0997979249;BHARTI 4 12/10/18;77;1;4;4
570;DE000A1E8RP4;BHH 3 11/03/17;74;1;4;4
571;DE000BHY1356;BHH 1 1/8 05/21/18;74;1;4;4
572;DE000BHY1547;BHH 1 5/8 01/29/19;74;1;4;4
573;XS0421249235;BHP 6 3/8 04/04/16;78;1;4;4
574;XS0787785715;BHP 2 1/8 11/29/18;78;1;4;4
575;XS0940658361;BKIR 2 3/4 06/05/16;224;1;4;4
576;ES03136793B0;BKTSM 1 3/4 06/10/19;60;1;4;4
577;XS0173501379;BMW 5 08/06/18;81;1;4;4
578;XS0478931354;BMW 3 7/8 01/18/17;81;1;4;4
579;XS0653885961;BMW 3 5/8 01/29/18;81;1;4;4
580;XS0729046218;BMW 3 1/4 01/14/19;81;1;4;4
581;DE000A1G7EH9;BMW 1 1/4 07/20/16;82;1;4;4
582;XS0860596575;BMW 1 1/2 06/05/18;81;1;4;4
583;XS0877622380;BMW 1 10/24/16;81;1;4;4
584;DE000A1HJLN2;BMW 1 07/18/17;82;1;4;4
585;XS1015212811;BMW 1 5/8 07/17/19;81;1;4;4
586;XS1105264821;BMW 0 1/2 09/05/18;81;1;4;4
587;XS1168971213;BMW 0 1/2 01/21/20;81;1;4;4
588;XS0275937471;BMY 4 3/8 11/15/16;95;1;4;4
589;FR0011121631;BNFP 2 1/2 09/29/16;146;1;4;4
590;FR0011361948;BNFP 1 1/8 11/27/17;146;1;4;4
591;FR0011437367;BNFP 1 1/4 06/06/18;146;1;4;4
592;FR0011513340;BNFP 1 3/8 06/10/19;146;1;4;4
593;FR0010306738;BNP 4.73 PERP;83;1;4;4
594;FR0010456764;BNP 5.019 PERP;83;1;4;4
595;XS0320303943;BNP 5.431 09/07/17;83;1;4;4
596;FR0010517334;BNP 5.2 09/28/17;83;1;4;4
597;FR0010638338;BNP 7.781 PERP;83;1;4;4
598;XS0542371629;BNP 2 5/8 09/16/16;83;1;4;4
599;XS0599711826;BNP 3 1/2 03/07/16;83;1;4;4
600;XS0749822556;BNP 3 02/24/17;83;1;4;4
601;XS0798334875;BNP 2 7/8 11/27/17;83;1;4;4
602;XS0819738492;BNP 2 1/2 08/23/19;83;1;4;4
603;XS0872705057;BNP 1 1/2 03/12/18;83;1;4;4
604;XS0933994807;BNP 1 3/8 11/21/18;83;1;4;4
605;XS0965065112;BNP 2 01/28/19;83;1;4;4
606;XS0645941419;BNRGR 5 1/2 07/19/18;92;1;4;4
607;XS0858803066;BOGAEI 3 5/8 12/04/17;207;1;4;4
608;XS0626282783;BOSPW 6 05/11/16;87;1;4;4
609;FR0010094722;BPCEGP 4.8 07/09/16;90;1;4;4
610;FR0010114991;BPCEGP 4 1/2 10/08/16;90;1;4;4
611;FR0010160440;BPCEGP 4 02/18/17;90;1;4;4
612;FR0010333989;BPCEGP 4.15 07/07/18;90;1;4;4
613;FR0010425017;BPCEGP 4.23 02/16/19;90;1;4;4
614;FR0010540930;BPCEGP 4.6 12/14/19;90;1;4;4
615;FR0010525691;BPCEGP 4.9 11/02/19;90;1;4;4
616;FR0010576454;BPCEGP 4.55 02/22/18;90;1;4;4
617;FR0010621532;BPCEGP 5.1 06/27/18;90;1;4;4
618;FR0010745752;BPCEGP 5.1 05/15/19;90;1;4;4
619;FR0010921544;BPCEGP 3 3/4 07/21/17;90;1;4;4
620;FR0011318146;BPCEGP 1 3/4 03/14/16;90;1;4;4
621;FR0011347590;BPCEGP 2 04/24/18;90;1;4;4
622;FR0011408681;BPCEGP 1 5/8 02/08/17;90;1;4;4
623;FR0011915321;BPCEGP 1 3/8 05/22/19;90;1;4;4
624;FR0012454437;BPCEGP 0 3/4 01/22/20;90;1;4;4
625;FR0011512417;BPGFP 1 1/2 06/07/16;63;1;4;4
626;XS0547796077;BPLN 3.83 10/06/17;89;1;4;4
627;XS0633014427;BPLN 3.472 06/01/16;89;1;4;4
628;XS0747744232;BPLN 2.994 02/18/19;89;1;4;4
629;PTBRIHOM0001;BRCORO 4 1/2 12/05/16;94;1;4;4
630;PTBSSGOE0009;BRCORO 6 7/8 04/02/18;94;1;4;4
631;XS1050665386;BREPW 2 3/8 04/01/19;309;1;4;4
632;XS0882166282;BRF 2 1/2 01/31/18;93;1;4;4
633;XS1075430741;BRITEL 1 1/8 06/10/19;96;1;4;4
634;XS0615238044;BXBAU 4 5/8 04/20/18;91;1;4;4
635;DE000BLB6DK1;BYLAN 4 3/4 02/05/18;70;1;4;4
636;DE000BLB6DU0;BYLAN 4.9 09/28/18;70;1;4;4
637;DE000BLB6EE2;BYLAN 5 04/21/17;70;1;4;4
638;DE000BLB5KW3;BYLAN 5 1/2 06/25/18;70;1;4;4
639;DE000BLB5NS5;BYLAN 5 1/4 01/15/19;70;1;4;4
640;DE000BLB5NW7;BYLAN 5.1 01/16/17;70;1;4;4
641;DE000BLB5NX5;BYLAN 5 1/4 01/16/18;70;1;4;4
642;XS0969350999;MRDGF 3.779 09/11/18;298;1;4;4
643;DE000BLB59A4;BYLAN 4 3/4 03/20/19;70;1;4;4
644;DE000BLB59J5;BYLAN 4 04/11/16;70;1;4;4
645;DE000BLB6GS7;BYLAN 4 1/8 09/26/16;70;1;4;4
646;DE000BLB6174;BYLAN 4 11/20/17;70;1;4;4
647;DE000BLB06P3;BYLAN 3 3/4 01/18/19;70;1;4;4
648;DE000BLB1AT9;BYLAN 3 1/2 06/16/17;70;1;4;4
649;XS0491922828;BZLNZ 4 03/08/17;85;1;4;4
650;XS0935287275;BZLNZ 1 1/4 05/23/18;85;1;4;4
651;XS0197646218;C 5 08/02/19;119;1;4;4
652;XS0273437169;C 4 3/8 11/02/18;119;1;4;4
653;XS0284710257;C 4 3/8 01/30/17;119;1;4;4
654;XS0880285977;CITI 1.75 28/01/2018;119;1;4;4
655;ES0340609157;CABKSM 3.964 01/30/18;103;1;4;4
656;ES0340609199;CABKSM 3 1/8 05/14/18;103;1;4;4
657;ES0340609215;CABKSM 2 1/2 04/18/17;103;1;4;4
658;FR0010394478;CAFP 4 3/8 11/02/16;108;1;4;4
659;XS0430676568;CAFP 4.678 06/29/17;108;1;4;4
660;XS0694766279;CAFP 5 1/4 10/24/18;108;1;4;4
661;XS0866278921;CAFP 1 7/8 12/19/17;108;1;4;4
662;XS0934191114;CAFP 1 3/4 05/22/19;108;1;4;4
663;ES0314970239;CAIXAB 2 3/8 05/09/19;142;1;4;4
664;FR0011149954;CAPFP 5 1/4 11/29/16;104;1;4;4
665;XS0302816672;CARGIL 4 7/8 05/29/17;105;1;4;4
666;XS0823954580;CARGIL 1 7/8 09/04/19;105;1;4;4
667;XS0548805299;CARLB 3 3/8 10/13/17;106;1;4;4
668;XS0800572454;CARLB 2 5/8 07/03/19;106;1;4;4
669;IT0004543127;CARPP 5 08/01/16;110;1;4;4
670;IT0005012957;CARPP 2 1/2 04/11/18;133;1;4;4
671;XS0443708242;CBAAU 5 1/2 08/06/19;125;1;4;4
672;XS0465601754;CBAAU 4 1/4 11/10/16;125;1;4;4
673;XS0490013801;CBAAU 4 3/8 02/25/20;125;1;4;4
674;XS0613920502;CBAAU 4 1/4 04/06/18;125;1;4;4
675;XS0881511868;CBAAU 1 5/8 02/04/19;125;1;4;4
676;XS1185597975;CCB 1 1/2 02/11/20;114;1;4;4
677;BE6258119674;CCBGBB 2 1/4 09/26/18;72;1;4;4
678;BE6266619319;CCBGBB 1 1/8 05/22/17;72;1;4;4
679;XS0557992889;CCCI 4 01/12/18;100;1;4;4
680;XS0544714750;CCE 3 1/8 09/29/17;122;1;4;4
681;XS0810720515;CCE 2 12/05/19;122;1;4;4
682;XS0466300257;CCHLN 4 1/4 11/16/16;123;1;4;4
683;FR0011178938;CDEE 4 1/4 02/24/18;137;1;4;4
684;XS0641963839;CESDRA 4 1/2 06/24/16;112;1;4;4
685;XS0807706006;CESDRA 4 1/8 07/23/19;112;1;4;4
686;XS0630397213;CEZCP 3 5/8 05/27/16;113;1;4;4
687;FR0010115899;CFNG 4 3/4 10/04/16;286;1;4;4
688;FR0010490235;CMARK 5 06/28/17;139;1;4;4
689;FR0010664599;CMARK 6 3/4 09/18/18;139;1;4;4
690;FR0011181130;CMARK 4 1/2 01/23/17;139;1;4;4
691;DE000CZ226Y9;CMZB 3 7/8 03/22/17;124;1;4;4
692;DE000CZ31PQ7;CMZB 4 03/14/17;124;1;4;4
693;DE000CZ40HY9;CMZB 3 5/8 07/10/17;124;1;4;4
694;FR0010850719;COFP 4.379 02/08/17;109;1;4;4
695;FR0010893396;Amundi ETF FTSE Mib UCITS ETF;109;1;4;4
696;XS0953199634;CONGR 3 07/16/18;129;1;4;4
697;XS0972719412;CONGR 2 1/2 03/20/17;128;1;4;4
698;XS0550979842;LIFP 4 5/8 01/22/18;276;1;4;4
699;XS0860567477;COVBS 2 1/4 12/04/17;131;1;4;4
700;XS0741004062;CPGLN 3 1/8 02/13/19;127;1;4;4
701;XS0736488585;CRHID 5 01/25/19;141;1;4;4
702;XS0321334442;CS 5 1/8 09/18/17;140;1;4;4
703;XS0444030646;CS 4 3/4 08/05/19;140;1;4;4
704;XS0480903466;CS 3 7/8 01/25/17;140;1;4;4
705;XS1074053130;CS 1 3/8 11/29/19;140;1;4;4
706;XS1140476604;CS 0 5/8 11/20/18;140;1;4;4
707;XS0375220588;DAAFIN 6.5872 07/09/18;144;1;4;4
708;DE000A1C9VQ4;DAIGR 4 1/8 01/19/17;145;1;4;4
709;DE000A1MA9V5;DAIGR 2 05/05/17;145;1;4;4
710;DE000A1MLXN3;DAIGR 2 5/8 04/02/19;145;1;4;4
711;DE000A1PGQY7;DAIGR 2 1/8 06/27/18;145;1;4;4
712;DE000A1R0TN7;DAIGR 1 3/4 01/21/20;145;1;4;4
713;DE000A1R0683;DAIGR 1 07/08/16;145;1;4;4
714;DE000A1X3GC3;DAIGR 1 1/2 11/19/18;145;1;4;4
715;XS0751166835;DANBNK 3 7/8 02/28/17;147;1;4;4
716;XS0974372467;DANBNK 3 7/8 10/04/23;147;1;4;4
717;DE000DB5S5U8;DB 5 1/8 08/31/17;154;1;4;4
718;XS0164831843;DBHNGR 4 3/4 03/14/18;152;1;4;4
719;XS0205790214;DBHNGR 4 1/4 11/23/16;153;1;4;4
720;XS0275636438;DBHNGR 4 01/16/17;153;1;4;4
721;XS0311212723;DBHNGR 5 07/24/19;152;1;4;4
722;DE000A0T7J03;DBHNGR 4 7/8 03/12/19;152;1;4;4
723;XS0457145430;DBHNGR 3 5/8 10/16/17;152;1;4;4
724;XS0642351505;DBHNGR 2 7/8 06/30/16;153;1;4;4
725;XS1117504750;DBJJP 0 1/4 10/06/17;160;1;4;4
726;DE000A1R1BC6;DBOERS 1 1/8 03/26/18;155;1;4;4
727;XS0640936067;DE 3 1/4 06/22/16;266;1;4;4
728;XS0953182317;DE 1 1/2 07/16/18;266;1;4;4
729;FR0011413863;DECFP 2 02/08/18;265;1;4;4
730;DE000DK0D396;DEKA 0.35 02/12/18;148;1;4;4
731;BE0002189554;ADNA 3 1/8 02/27/20;149;1;4;4
732;XS1069539374;DGELN 1 1/8 05/20/19;161;1;4;4
733;FR0000487217;DGFP 5 7/8 10/09/16;126;1;4;4
734;FR0000473993;DGFP 5 1/4 04/30/18;126;1;4;4
735;FR0010737882;DGFP 7 3/8 03/20/19;42;1;4;4
736;FR0011119775;DGFP 4 09/24/18;49;1;4;4
737;FR0011164888;DGFP 4 1/8 02/20/17;461;1;4;4
738;XS1088135634;DIASM 1 1/2 07/22/19;162;1;4;4
739;XS0559434351;DLNA 4 1/4 11/17/17;150;1;4;4
740;XS0754846235;DNBNO 4 3/4 03/08/22;163;1;4;4
741;XS0761320208;DNBNO 2 3/4 03/21/17;163;1;4;4
742;XS0974373515;DNBNO 3 09/26/23;163;1;4;4
743;XS0473787025;DONGAS 4 12/16/16;164;1;4;4
744;XS0943371194;DONGAS 4 7/8 07/08/13;344;1;4;4
745;DE000A0N38X5;DPB 4.2 11/21/16;79;1;4;4
746;XS0795872901;DPWGR 1 7/8 06/27/17;157;1;4;4
747;XS0977500767;DPWGR 1 1/2 10/09/18;156;1;4;4
748;XS0326230181;DSM 5 1/4 10/17/17;277;1;4;4
749;XS0993228294;DSM 1 3/4 11/13/19;277;1;4;4
750;XS0166179381;DT 6 5/8 03/29/18;158;1;4;4
751;DE000A0GTCB9;DT 4 3/4 05/31/16;158;1;4;4
752;DE000A0T5X07;DT 6 01/20/17;158;1;4;4
753;XS0850057588;DT 2 10/30/19;158;1;4;4
754;XS0822316765;DVB 2 1/2 08/30/17;165;1;4;4
755;XS0937197431;DVB 1 5/8 05/28/18;165;1;4;4
756;XS1135782628;DVB 0 7/8 11/11/19;165;1;4;4
757;XS1166863339;DVB 0 1/2 01/15/18;165;1;4;4
758;DE000DZ1G4N3;DZBK 4 3/4 02/21/18;166;1;4;4
759;FR0010948562;EDENFP 3 5/8 10/06/17;168;1;4;4
760;FR0000487258;EDF 5 1/2 10/25/16;173;1;4;4
761;FR0010369587;RTEFRA 4 1/8 09/27/16;377;1;4;4
762;XS0342783692;EDF 5 02/05/18;173;1;4;4
763;FR0010660043;RTEFRA 5 1/8 09/12/18;377;1;4;4
764;FR0011401736;EDF 4 1/4 PERP;173;1;4;4
765;XS0557897203;EDFFP 3 7/8 11/10/17;169;1;4;4
766;XS0256997007;EDPPL 4 5/8 06/13/16;170;1;4;4
767;XS0435879605;EDPPL 4 3/4 09/26/16;170;1;4;4
768;XS0831842645;EDPPL 5 3/4 09/21/17;170;1;4;4
769;XS1057345651;EDPPL 2 5/8 04/15/19;170;1;4;4
770;BE0119550466;ELIASO 5 1/4 05/13/19;174;1;4;4
771;BE6000105732;ELIASO 5 5/8 04/22/16;174;1;4;4
772;XS0836360254;ELIAV 2 1/4 10/04/19;175;1;4;4
773;XS0271757832;ENBW 4 1/4 10/19/16;181;1;4;4
774;XS0399861086;ENBW 6 7/8 11/20/18;181;1;4;4
775;XS0674277933;ENBW 7 3/8 04/02/72;180;1;4;4
776;XS0170343247;ENELIM 4 3/4 06/12/18;183;1;4;4
777;XS0306644344;ENELIM 5 1/4 06/20/17;183;1;4;4
778;XS0592695000;SEB 4 1/4 02/21/18;399;1;4;4
779;XS0647288140;ENELIM 4 1/8 07/12/17;182;1;4;4
780;XS0695401801;ENELIM 5 3/4 10/24/18;182;1;4;4
781;IT0004794142;ENELIM 4 7/8 02/20/18;183;1;4;4
782;XS0842659343;ENELIM 3 5/8 04/17/18;182;1;4;4
783;FR0010326975;ENFP 4 3/4 05/24/16;88;1;4;4
784;FR0010853226;ENFP 4 02/12/18;88;1;4;4
785;FR0010957662;ENFP 3.641 10/29/19;88;1;4;4
786;XS0834643727;ENGSM 4 1/4 10/05/17;179;1;4;4
787;XS0331141332;ENI SPA 4.75% 11/17;185;1;4;4
788;XS0451457435;ENIIM 4 1/8 09/16/19;185;1;4;4
789;XS0563739696;ENIIM 3 1/2 01/29/18;185;1;4;4
790;IT0004760655;ENIIM 4 7/8 10/11/17;185;1;4;4
791;XS0741137029;ENIIM 4 1/4 02/03/20;185;1;4;4
792;XS0148579153;EOANGR 6 3/8 05/29/17;167;1;4;4
793;XS0322977223;EOANGR 5 1/2 10/02/17;167;1;4;4
794;XS0783933350;EPERGY 5 7/8 11/01/19;186;1;4;4
795;XS0808636244;EPERGY 4 3/8 05/01/18;186;1;4;4
796;XS0616431689;ERSTBK 4 1/4 04/12/16;188;1;4;4
797;XS0765299655;ERSTBK 3 3/8 03/28/17;188;1;4;4
798;XS0993272862;ERSTBK 1 7/8 05/13/19;188;1;4;4
799;XS0827573766;ESBIRE 6 1/4 09/11/17;189;1;4;4
800;XS0856023493;ESBIRE 4 3/8 11/21/19;189;1;4;4
801;XS0763379343;ESTONE 4 1/4 10/02/18;172;1;4;4
802;FR0010877183;ETLFP 4 1/8 03/27/17;191;1;4;4
803;FR0011164664;ETLFP 5 01/14/19;191;1;4;4
804;FR0011660596;ETLFP 2 5/8 01/13/20;191;1;4;4
805;DE000A0DLU69;EWE 4 7/8 10/14/19;192;1;4;4
806;XS0300900478;EXOIM 5 3/8 06/12/17;193;1;4;4
807;XS0482908091;EXPNLN 4 3/4 02/04/20;194;1;4;4
808;XS0838847381;F 2 7/8 10/03/17;197;1;4;4
809;XS0888827333;F 1 7/8 05/12/16;197;1;4;4
810;XS0933505967;F 1 3/4 05/21/18;197;1;4;4
811;XS0969570687;F 1 5/8 09/09/16;197;1;4;4
812;XS1035001921;F 1 7/8 04/18/19;197;1;4;4
813;BE0931376793;FBAVP 4 1/4 03/23/21;84;1;4;4
814;BE0932372080;FBAVP 4 3/8 02/01/17;84;1;4;4
815;FR0011345545;FDRFP 3 7/8 01/16/18;200;1;4;4
816;XS0879082914;FERSM 3 3/8 01/30/18;198;1;4;4
817;XS0982584004;FCABNK 4 10/17/18;196;1;4;4
818;XS1021817355;FCABNK 2 7/8 01/26/18;196;1;4;4
819;XS1057487875;FCABNK 2 5/8 04/17/19;196;1;4;4
820;XS1111858756;FCABNK 2 10/23/19;196;1;4;4
821;XS0490093480;FIDINT 6 7/8 02/24/17;199;1;4;4
822;XS1088274169;FIREIT 1 3/4 07/16/19;1;1;4;4
823;XS1144492532;FIREIT 1 1/8 01/02/20;1;1;4;4
824;FR0011052075;FLYFP 4 5/8 05/25/16;201;1;4;4
825;FR0011361070;FLYFP 3 1/2 11/28/17;201;1;4;4
826;FR0011043124;FRFP 4 7/8 05/11/18;454;1;4;4
827;FR0000489908;FRPTT 5 3/8 07/05/17;282;1;4;4
828;FR0010096941;FRPTT 4 3/4 07/08/19;282;1;4;4
829;FR0010586081;FRPTT 4 1/2 02/27/18;282;1;4;4
830;XS0258428712;FUMVFH 4 1/2 06/20/16;202;1;4;4
831;XS0418729934;FUMVFH 6 03/20/19;202;1;4;4
832;XS1084838496;GARAN 3 3/8 07/08/19;440;1;4;4
833;XS0436928872;GASSM 6 3/8 07/09/19;205;1;4;4
834;XS0458748851;GASSM 4 3/8 11/02/16;205;1;4;4
835;XS0479542580;GASSM 4 1/2 01/27/20;205;1;4;4
836;XS0587411595;GASSM 5 5/8 02/09/17;205;1;4;4
837;XS0627188468;GASSM 5 3/8 05/24/19;205;1;4;4
838;XS0741942576;GASSM 5 02/13/18;205;1;4;4
839;XS0829360923;GASSM 6 01/27/20;205;1;4;4
840;XS0843300947;GASSM 4 1/8 04/24/17;205;1;4;4
841;XS0922865760;GASSM 2.31 04/25/17;206;1;4;4
842;XS0276455937;GAZPRU 5.136 03/22/17;208;1;4;4
843;XS0290581569;GAZPRU 5.44 11/02/17;208;1;4;4
844;XS0327237136;GAZPRU 6.605 02/13/18;208;1;4;4
845;XS0805582011;GAZPRU 3.755 03/15/17;208;1;4;4
846;XS0954912514;GAZPRU 3.7 07/25/18;208;1;4;4
847;DE000A1R0TU2;GBFGR 2 3/8 12/07/19;80;1;4;4
848;FR0010757252;GDCHU 4 3/8 05/20/19;226;1;4;4
849;XS0272770396;GE 4 1/8 10/27/16;210;1;4;4
850;XS0319639232;GE 5 1/2 09/15/67;216;1;4;4
851;XS0340180149;GE 5 3/8 01/16/18;210;1;4;4
852;XS0385688097;GE 6 01/15/19;210;1;4;4
853;XS0453908377;GE 5 3/8 01/23/20;210;1;4;4
854;XS0491042353;GE 4 1/4 03/01/17;210;1;4;4
855;XS0491211644;GE 5 1/2 09/15/67;211;1;4;4
856;XS0491212451;GE 4 5/8 09/15/66;212;1;4;4
857;XS0612837657;GE 3,75 % 04/04/2016;210;1;4;4
858;XS0794230507;GE 2 7/8 06/18/19;210;1;4;4
859;XS0874839086;GE 1 5/8 03/15/18;210;1;4;4
860;XS0925519380;GE 1 05/02/17;210;1;4;4
861;DE000A1KQ1M5;GEAGP 4 1/4 04/21/16;213;1;4;4
862;FR0011233337;GFCFP 4 3/4 04/11/19;214;1;4;4
863;XS0777017376;G4S INTL FINANCE PLC;204;1;4;4
864;XS0862010625;G4S FINANCE 12/2018;204;1;4;4
865;XS0305188533;GLENLN 5 1/4 06/13/17;220;1;4;4
866;XS0495973470;GLENLN 5 1/4 03/22/17;221;1;4;4
867;XS0857214968;GLENLN 1 1/2 05/19/16;219;1;4;4
868;XS0911806692;GOOEUR 3 1/8 04/03/18;215;1;4;4
869;XS0255244112;GS 4 1/2 05/23/16;223;1;4;4
870;XS0284727814;GS 4 1/2 01/30/17;223;1;4;4
871;XS0361975443;GS 6 3/8 05/02/18;223;1;4;4
872;XS0459410782;GS 5 1/8 10/23/19;223;1;4;4
873;XS0494996043;GS 4 3/8 03/16/17;223;1;4;4
874;XS0335134705;GSK 5 5/8 12/13/17;218;1;4;4
875;XS1147600305;GSK 0 5/8 12/02/19;218;1;4;4
876;XS0617785943;GSWITC 5 1/2 04/18/18;222;1;4;4
877;FR0000472334;ENGIFP 5 1/8 02/19/18;184;1;4;4
878;FR0010678185;ENGIFP 6 7/8 01/24/19;184;1;4;4
879;FR0010952739;ENGIFP 2 3/4 10/18/17;184;1;4;4
880;FR0011147305;ENGIFP 3 1/8 01/21/20;184;1;4;4
881;FR0011261916;ENGIFP 2 1/4 06/01/18;184;1;4;4
882;FR0011289222;ENGIFP 1 1/2 07/20/17;184;1;4;4
883;FR0011531714;ENGIFP 3 7/8 PERP;184;1;4;4
884;FR0011942226;ENGIFP 3 PERP;184;1;4;4
885;XS0626028566;GXIGR 5 05/19/18;217;1;4;4
886;XS0758419658;HEIANA 2 1/2 03/19/19;230;1;4;4
887;XS0875513268;HELLA 2 3/8 01/24/20;231;1;4;4
888;XS0511389453;HERAEU 4 05/29/17;234;1;4;4
889;XS0471071133;HERIM 4 1/2 12/03/19;233;1;4;4
890;DE000HLB1QE1;HESLAN 4 1/2 02/04/19;283;1;4;4
891;DE000HLB16F0;HESLAN 3 1/8 07/30/18;283;1;4;4
892;DE000HLB16L8;HESLAN 2 1/2 08/23/16;283;1;4;4
893;DE000HLB1609;HESLAN 2 7/8 09/29/17;283;1;4;4
894;DE000HLB17K8;HESLAN 3 3/8 03/18/16;283;1;4;4
895;DE000WLB43N7;HESLAN 4 1/4 05/20/16;283;1;4;4
896;DE000WLB43R8;HESLAN 3.4 05/24/17;283;1;4;4
897;DE000HLB3FF7;HESLAN 2 3/4 12/15/17;283;1;4;4
898;DE000HLB3FJ9;HESLAN 2 1/4 01/31/17;283;1;4;4
899;DE000HLB3FV4;HESLAN 2 1/8 04/04/17;283;1;4;4
900;DE000HLB0QP9;HESLAN 2 12/10/18;283;1;4;4
901;DE000HLB0QN4;HESLAN 1 5/8 12/08/16;283;1;4;4
902;DE000HLB0VD5;HESLAN 1 1/4 11/14/17;283;1;4;4
903;XS0834382151;HMSOLN 2 3/4 09/26/19;227;1;4;4
904;XS0967299016;HNDA 1 7/8 09/04/19;32;1;4;4
905;XS0550634355;HOFP 2 3/4 10/19/16;436;1;4;4
906;XS0906792014;HOFP 1 5/8 03/20/18;436;1;4;4
907;XS0188853526;HSBC 5.13 PERP;237;1;4;4
908;XS0257496694;HSBC 4 1/2 06/14/16;238;1;4;4
909;XS0302868475;HSBC 4 7/8 05/30/17;238;1;4;4
910;XS0353643744;HSBC 6 1/4 03/19/18;240;1;4;4
911;XS0433028254;HSBC 6 06/10/19;240;1;4;4
912;XS0470370932;HSBC 3 3/4 11/30/16;236;1;4;4
913;XS0558893094;HSBC 3 1/8 11/15/17;236;1;4;4
914;FR0011149947;VALLOUREC 4.25%02/17;455;1;4;4
915;XS0695461458;HSBC 3 7/8 10/24/18;236;1;4;4
916;FR0011391580;HSBC 1 7/8 01/16/20;239;1;4;4
917;XS0969636371;HSBC 3 3/8 01/10/24;240;1;4;4
918;FR0011645845;HSBC 1 5/8 12/03/18;239;1;4;4
919;DE000HSH35M8;HSHN 2 06/21/17;241;1;4;4
920;DE000HSH4L33;HSHN 3 10/17/18;241;1;4;4
921;DE000HSH4VR4;HSHN 0 3/4 05/20/16;241;1;4;4
922;DE000HSH4VQ6;HSHN 0 3/4 06/22/16;241;1;4;4
923;XS0268587127;HUWHY 4 5/8 09/21/16;244;1;4;4
924;XS0466303194;CKHH 4 3/4 11/14/16;245;1;4;4
925;XS0790010747;CKHH 2 1/2 06/06/17;242;1;4;4
926;XS0930010524;CKHH 3 3/4 PERP;243;1;4;4
927;XS0921670385;HYNOE 1 5/8 04/23/18;246;1;4;4
928;XS1041793123;IAPLN 3 1/8 03/06/19;331;1;4;4
929;XS0362224841;IBESM 5 5/8 05/09/18;249;1;4;4
930;XS0548801207;IBESM 3 1/2 10/13/16;249;1;4;4
931;XS0767977811;IBESM 4 1/4 10/11/18;250;1;4;4
932;XS0829209195;IBESM 4 1/2 09/21/17;250;1;4;4
933;XS0808632763;IBESM 5 3/4 PERP;250;1;4;4
934;XS0856023147;IBM 1 3/8 11/19/19;251;1;4;4
935;FR0011577170;ICADFP 2 1/4 01/30/19;252;1;4;4
936;XS0495913229;IIILN 5 5/8 03/17/17;2;1;4;4
937;XS0645669200;IMBLN 4 1/2 07/05/18;256;1;4;4
938;XS0715437140;IMBLN 5 12/02/19;256;1;4;4
939;NL0000122489;INTNED 5 1/4 06/07/19;257;1;4;4
940;XS0250306643;INTNED 4 1/8 04/11/16;258;1;4;4
941;XS0303396062;INTNED 4 3/4 05/31/17;258;1;4;4
942;XS0366066149;INTNED 6 1/8 05/29/23;257;1;4;4
943;XS0629960302;INTNED 3 7/8 05/24/16;257;1;4;4
944;XS0725405228;INTNED 4 12/23/16;257;1;4;4
945;XS0767706111;INTNED 3 1/4 04/03/19;257;1;4;4
946;XS0895722071;INTNED 1 7/8 02/27/18;257;1;4;4
947;XS1080078428;INTNED 1 1/4 12/13/19;257;1;4;4
948;XS0542591580;INVSA 3 1/4 09/17/18;262;1;4;4
949;XS0304508921;ISPIM 4 3/4 06/15/17;260;1;4;4
950;XS0467864160;ISPIM 3 3/4 11/23/16;260;1;4;4
951;XS0486454530;ISPIM 4 3/8 02/12/20;260;1;4;4
952;XS0555977312;ISPIM 4 11/08/18;260;1;4;4
953;IT0004682545;ISPIM 4.2 03/03/17;260;1;4;4
954;XS0741977796;ISPIM 2 1/4 01/22/20;260;1;4;4
955;XS0788138906;ISPIM 2 1/4 11/22/17;260;1;4;4
956;XS0829329506;ISPIM 4 1/8 09/19/16;260;1;4;4
957;XS0842828120;ISPIM 4 3/8 10/15/19;260;1;4;4
958;XS0852993285;ISPIM 4 11/09/17;260;1;4;4
959;XS0997333223;ISPIM 3 01/28/19;260;1;4;4
960;XS1168003900;ISPIM 1 1/8 01/14/20;260;1;4;4
961;XS0972240997;ISPVIT 5.35 09/18/18;261;1;4;4
962;XS1145526585;ISSDC 1 1/8 01/09/20;263;1;4;4
963;XS0329522246;JNJ 4 3/4 11/06/19;267;1;4;4
964;XS0274112076;JPM 4 3/8 11/30/21;268;1;4;4
965;XS0856977144;JPM 1 7/8 11/21/19;269;1;4;4
966;XS0605440345;KBC 5 03/16/16;273;1;4;4
967;XS0764303490;KBC 4 1/2 03/27/17;273;1;4;4
968;XS0820869948;KBC 3 08/29/16;273;1;4;4
969;XS0969365591;KBC 2 1/8 09/10/18;273;1;4;4
970;BE0002479542;KBCBB 2 3/8 11/25/24;271;1;4;4
971;FR0011236983;KERFP 3 1/8 04/23/19;274;1;4;4
972;FR0011584929;KERFP 1 7/8 10/08/18;274;1;4;4
973;FR0010410068;KNFP 4 1/8 01/20/17;324;1;4;4
974;FR0122459979;KNFP 1.43 06/12/19;325;1;4;4
975;FR0000583155;KNFP 7 3/4 06/01/19;111;1;4;4
976;XS0981596819;KORGAS 2 3/8 04/15/19;279;1;4;4
977;XS0411850075;KPN 7 1/2 02/04/19;278;1;4;4
978;ES0314100076;KUTXAB 4.4 03/01/16;280;1;4;4
979;XS0842560640;LANSNA 2 7/8 10/17/16;195;1;4;4
980;XS0940685091;LANSNA 3 1/8 06/05/18;195;1;4;4
981;XS0245578553;LANTIR 3 5/8 03/01/16;247;1;4;4
982;XS0468940068;LBBER 5 7/8 11/25/19;284;1;4;4
983;FR0010301705;LIFP 4 1/4 03/16/16;276;1;4;4
984;FR0010885160;LIFP 4 04/13/17;276;1;4;4
985;FR0011321405;LIFP 2 3/4 09/17/19;276;1;4;4
986;XS0259604329;LINGR 7 3/8 07/14/66;290;1;4;4
987;XS0297699588;LINGR 4 3/4 04/24/17;290;1;4;4
988;XS0718526790;LINGR 3 1/8 12/12/18;290;1;4;4
989;XS0790015548;LINGR 1 3/4 06/11/19;290;1;4;4
990;XS0997829519;LINHLD 3 7/8 11/28/18;291;1;4;4
991;XS0435070288;LLOYDS 6 3/8 06/17/16;292;1;4;4
992;XS0449361350;LLOYDS 5 3/8 09/03/19;292;1;4;4
993;XS0717735400;LLOYDS 11 7/8 12/16/21;292;1;4;4
994;XS0740795041;LLOYDS 4 5/8 02/02/17;292;1;4;4
995;XS0980066996;LLOYDS 1 7/8 10/10/18;292;1;4;4
996;XS0307504547;ERICB 5 3/8 06/27/17;187;1;4;4
997;XS0829290708;LPTY 2 1/2 09/19/16;287;1;4;4
998;XS0984200617;LPTY 2 3/8 04/23/19;287;1;4;4
999;FR0010859686;LRFP 4 1/4 02/24/17;289;1;4;4
1000;FR0011022623;LRFP 4 3/8 03/21/18;289;1;4;4
1001;XS0758640279;LUXIM 3 5/8 03/19/19;294;1;4;4
1002;XS0629645531;LXSGR 4 1/8 05/23/18;285;1;4;4
1003;XS0563106730;MAERSK 4 3/8 11/24/17;38;1;4;4
1004;XS0821175717;MAERSK 3 3/8 08/28/19;38;1;4;4
1005;XS0794990050;MAN 4 1/2 06/22/18;300;1;4;4
1006;XS0429612566;MANGR 7 1/4 05/20/16;299;1;4;4
1007;XS0756457833;MANGR 2 1/8 03/13/17;299;1;4;4
1008;ES0000012932;SPGB 4.2 01/31/37;86;1;2;2
1009;ES00000120N0;SPGB 4.9 07/30/40;86;1;2;2
1010;ES00000121S7;SPGB 4.7 07/30/41;86;1;2;2
1011;ES00000122E5;SPGB 4.65 07/30/25;86;1;2;2
1012;ES00000123C7;SPGB 5.9 07/30/26;86;1;2;2
1013;ES00000124C5;SPGB 5.15 10/31/28;86;1;2;2
1014;ES00000124H4;SPGB 5.15 10/31/44;86;1;2;2
1015;ES00000126D8;SPGB 4 10/31/64;86;1;2;2
1016;ES00000126Z1;SPGB 1.6 04/30/25;86;1;2;2
1017;ES0000011868;SPGB 6 01/31/29;86;1;4;4
1018;XS0470632646;AALLN 4 3/8 12/02/16;35;1;4;4
1019;XS0789283792;AALLN 2 3/4 06/07/19;35;1;4;4
1020;XS0830380639;AALLN 2 1/2 09/18/18;35;1;4;4
1021;XS0995039806;AALLN 1 3/4 11/20/17;35;1;4;4
1022;XS1052677207;AALLN 1 3/4 04/03/18;35;1;4;4
1023;XS0873691884;SANUK 1 3/4 01/15/18;386;1;4;4
1024;XS1136183537;SANUK 0 7/8 01/13/20;386;1;4;4
1025;XS0763122578;ABBNVX 2 5/8 03/26/19;4;1;4;4
1026;ES0211845211;ABESM 5 1/8 06/12/17;6;1;4;4
1027;ES0211845237;ABESM 4 5/8 10/14/16;6;1;4;4
1028;BE0934985020;ABIBB 8 5/8 01/30/17;36;1;4;4
1029;BE6000782712;ABIBB 4 04/26/18;37;1;4;4
1030;BE6243181672;ABIBB 1 1/4 03/24/17;36;1;4;4
1031;BE6243180666;ABIBB 2 12/16/19;37;1;4;4
1032;FR0011033232;MCFP 4 04/06/18;295;1;4;4
1033;XS1003251011;MDLZ 1 1/8 01/26/17;311;1;4;4
1034;DE000A1C92S3;MEOGR 4 1/4 02/22/17;307;1;4;4
1035;DE000A1MA9K8;MEOGR 3 3/8 03/01/19;306;1;4;4
1036;XS0863116231;MEOGR 2 1/4 05/11/18;306;1;4;4
1037;FR0011223692;MERYFP 4 1/8 03/26/19;304;1;4;4
1038;XS0300966495;MET 4 5/8 05/16/17;305;1;4;4
1039;XS0834640541;MET 2 3/8 09/30/19;305;1;4;4
1040;XS0838968849;METSO 2 3/4 10/04/19;308;1;4;4
1041;XS0893363258;MINGNO 2 1/8 02/21/18;410;1;4;4
1042;XS1069518451;MINGNO 1 1/2 05/20/19;410;1;4;4
1043;XS0794392588;MLFP 2 3/4 06/20/19;310;1;4;4
1044;XS0499542396;MONDI FIN 5,75% 0317;312;1;4;4
1045;IT0004695372;MONTE 4 03/18/16;313;1;4;4
1046;XS0561875450;MOTOPG 3 3/4 11/29/17;315;1;4;4
1047;XS0742069643;MOTOPG 3 1/4 11/30/18;315;1;4;4
1048;XS0972491723;MQGAU 2 1/2 09/18/18;297;1;4;4
1049;XS1109743960;MQGAU 1 09/16/19;297;1;4;4
1050;XS0258796274;MRKGR 5 7/8 06/30/16;178;1;4;4
1051;XS0298899534;MS 5 05/02/19;314;1;4;4
1052;XS0323657527;MS 5 1/2 10/02/17;314;1;4;4
1053;XS0366102555;MS 6 1/2 12/28/18;314;1;4;4
1054;XS0832446230;MS 3 3/4 09/21/17;314;1;4;4
1055;XS0901370691;MS 2 1/4 03/12/18;314;1;4;4
1056;XS0247684490;MUFG 4.85 PERP;318;1;4;4
1057;XS0282528974;MUFG 5.271 PERP;317;1;4;4
1058;XS0304987042;MUNRE 5.767 PERP;319;1;4;4
1059;XS0224749100;MWDP 4 3/8 08/09/17;474;1;4;4
1060;XS0253989635;MWDP 4 7/8 05/26/16;474;1;4;4
1061;FR0011036979;MWDP 6 3/4 04/20/18;474;1;4;4
1062;FR0011321256;MWDP 5 7/8 09/17/19;474;1;4;4
1063;XS0372174689;NAB 6 3/4 06/26/23;320;1;4;4
1064;XS0440279338;NAB 4 3/4 07/15/16;320;1;4;4
1065;XS0485326085;NAB 4 5/8 02/10/20;320;1;4;4
1066;XS0635040685;NAB 3 3/4 01/06/17;320;1;4;4
1067;XS1136227094;NAB 2 11/12/24;320;1;4;4
1068;XS0489825223;NDASS 3 3/4 02/24/17;336;1;4;4
1069;XS0728763938;NDASS 4 07/11/19;336;1;4;4
1070;XS0743689993;NDASS 4 5/8 02/15/22;336;1;4;4
1071;XS0801636571;NDASS 2 1/4 10/05/17;336;1;4;4
1072;XS0916242497;NDASS 1 3/8 04/12/18;336;1;4;4
1073;DE000NLB3805;NDB 4 3/4 02/01/18;335;1;4;4
1074;XS0257885086;NEGANV 4 1/4 06/20/16;338;1;4;4
1075;XS0419587745;NEGANV 5 1/8 03/31/17;326;1;4;4
1076;XS0805500062;NESNVX 1 1/2 07/19/19;327;1;4;4
1077;XS0844535442;NESNVX 0 3/4 10/17/16;327;1;4;4
1078;XS0170798325;NGGLN 5 07/02/18;322;1;4;4
1079;XS0891393414;NGGLN 1 3/4 02/20/18;321;1;4;4
1080;XS1173845352;NIBCAP 2 07/26/18;332;1;4;4
1081;FR0010456475;NK 5 04/18/17;255;1;4;4
1082;XS0147306301;NNGRNV 6 3/8 05/07/27;333;1;4;4
1083;XS0937887379;NOMURA 1 7/8 05/29/18;334;1;4;4
1084;XS0432810116;NOVNVX 4 1/4 06/15/16;337;1;4;4
1085;XS0767717746;NWIDE 3 1/8 04/03/17;323;1;4;4
1086;XS1052676142;NWIDE 1 5/8 04/03/19;323;1;4;4
1087;XS0282588952;NYLIFE 4 3/8 01/19/17;330;1;4;4
1088;XS0912992160;ODGR 1 7/8 11/22/18;429;1;4;4
1089;XS0434993431;OMVAV 5 1/4 06/22/16;340;1;4;4
1090;XS0485316102;OMVAV 4 3/8 02/10/20;340;1;4;4
1091;XS0629626663;OMVAV 6 3/4 PERP;340;1;4;4
1092;XS0996734868;OMVAV 1 3/4 11/25/19;340;1;4;4
1093;XS1138423774;OMVAV 0.6 11/19/18;340;1;4;4
1094;XS0286705321;ORAFP 4 3/4 02/21/17;342;1;4;4
1095;XS0365094811;ORAFP 5 5/8 05/22/18;342;1;4;4
1096;XS0616431507;ORAFP 4 1/8 01/23/19;342;1;4;4
1097;FR0011560069;ORAFP 1 7/8 09/03/18;342;1;4;4
1098;XS1028600473;ORAFP 4 1/4 PERP;342;1;4;4
1099;XS0841018004;ORGAU 2 7/8 10/11/19;343;1;4;4
1100;DE000A1RFBU5;PBBGR 2 07/19/16;151;1;4;4
1101;DE000A1X26E7;PBBGR 2 1/4 09/11/17;151;1;4;4
1102;DE000A12UAR2;PBBGR 1 1/2 09/17/19;151;1;4;4
1103;DE000A12UA67;PBBGR 0 7/8 01/20/17;151;1;4;4
1104;XS0197620411;PEMEX 6 3/8 08/05/16;348;1;4;4
1105;XS0456477578;PEMEX 5 1/2 01/09/17;348;1;4;4
1106;XS1028951777;PETGSV 3 1/4 06/24/19;347;1;4;4
1107;XS0301010145;PFE 4.55 05/15/17;349;1;4;4
1108;XS0432070752;PFE 4 3/4 06/03/16;349;1;4;4
1109;XS0283808797;PFG 4 1/2 01/26/17;358;1;4;4
1110;XS0327237300;PG 5 1/8 10/24/17;359;1;4;4
1111;XS1075312626;PGEPW 1 5/8 06/09/19;350;1;4;4
1112;XS0746259323;PGNPW 4 02/14/17;351;1;4;4
1113;XS1019818787;PKOBP 2.324 01/23/19;353;1;4;4
1114;XS0419195408;PM 5 3/4 03/24/16;352;1;4;4
1115;XS0787510618;PM 2 1/8 05/30/19;352;1;4;4
1116;NL0006133175;PNLNA 5 3/8 11/14/17;357;1;4;4
1117;XS0540216669;OPBANK 3 09/08/17;341;1;4;4
1118;XS0758309396;OPBANK 2 5/8 03/20/17;341;1;4;4
1119;XS0931144009;OPBANK 1 1/4 05/14/18;341;1;4;4
1120;XS0966078221;OPBANK 1 3/4 08/29/18;341;1;4;4
1121;XS1077588017;OPBANK 1 1/8 06/17/19;341;1;4;4
1122;XS0944435121;POSIM 3 1/4 06/18/18;355;1;4;4
1123;XS1072613380;POSIM 2 7/8 05/30/19;356;1;4;4
1124;XS0985031375;PRIFII 2 3/4 10/23/18;360;1;4;4
1125;XS1082661551;PZUPW 1 3/8 07/03/19;363;1;4;4
1126;XS0339454851;RABOBK 4 3/4 01/15/18;130;1;4;4
1127;XS0426090485;RABOBK 4 3/8 05/05/16;130;1;4;4
1128;XS0429484891;RABOBK 5 7/8 05/20/19;130;1;4;4
1129;XS0503734872;RABOBK 3 3/8 04/21/17;130;1;4;4
1130;XS0619051971;RABOBK 3 7/8 04/20/16;130;1;4;4
1131;XS0691801327;RABOBK 3 1/2 10/17/18;130;1;4;4
1132;XS1020295348;RABOBK 1 3/4 01/22/19;130;1;4;4
1133;XS0803117612;RBIAV 2 3/4 07/10/17;364;1;4;4
1134;XS0989620694;RBIAV 1 7/8 11/08/18;364;1;4;4
1135;XS0254720633;RBOSGR 4 3/8 05/19/16;372;1;4;4
1136;XS0433001137;RBOSGR 5 1/8 06/12/17;372;1;4;4
1137;XS0442988217;RBOSGR 5 08/06/19;372;1;4;4
1138;XS0254035768;RBS 4 1/4 05/11/16;375;1;4;4
1139;XS0454984765;RBS 5 3/8 09/30/19;375;1;4;4
1140;NL0009061357;RBS 4.3 10/08/16;375;1;4;4
1141;XS0480133338;RBS 4 7/8 01/20/17;375;1;4;4
1142;XS0627824633;RBS 4 3/4 05/18/16;375;1;4;4
1143;XS0997797054;RBS 1 1/2 11/28/16;376;1;4;4
1144;XS1080952960;RBS 1 5/8 06/25/19;376;1;4;4
1145;XS0301945860;RDSALN 4 5/8 05/22/17;397;1;4;4
1146;XS0428147093;RDSALN 4 3/8 05/14/18;397;1;4;4
1147;XS0545097742;REESM 3 1/2 10/07/16;367;1;4;4
1148;XS0591586788;REESM 4 3/4 02/16/18;367;1;4;4
1149;XS0935803386;REESM 2 3/8 05/31/19;367;1;4;4
1150;XS0775870982;RENAUL 4 1/4 04/27/17;366;1;4;4
1151;XS0940302002;RENAUL 1 3/4 07/06/16;366;1;4;4
1152;FR0012173144;RENAUL 1 1/8 09/30/19;366;1;4;4
1153;PTRELBOE0017;RENEPL 4 1/8 01/31/18;368;1;4;4
1154;XS0287409212;REPSM 4 3/4 02/16/17;370;1;4;4
1155;XS0733696495;REPSM 4 7/8 02/19/19;370;1;4;4
1156;XS0896158952;RFLBNI 1 1/4 03/01/16;365;1;4;4
1157;FR0010871376;RIFP 4 7/8 03/18/16;345;1;4;4
1158;FR0011022110;RIFP 5 03/15/17;345;1;4;4
1159;XS0415624120;ROSW 5 5/8 03/04/16;374;1;4;4
1160;XS0760139773;ROSW 2 06/25/18;373;1;4;4
1161;XS0832466931;RTOLN 3 3/8 09/24/19;369;1;4;4
1162;XS0127984747;IGYGY 6 1/4 04/20/16;379;1;4;4
1163;XS0172851650;IGYGY 5 1/8 07/23/18;259;1;4;4
1164;XS0399647675;IGYGY 6 5/8 01/31/19;259;1;4;4
1165;XS0878010718;IGYGY 1 7/8 01/30/20;259;1;4;4
1166;XS0862091955;#N/A Invalid Security;380;1;4;4
1167;XS0428037740;SANFP 4 1/2 05/18/16;382;1;4;4
1168;XS0456451771;SANFP 4 1/8 10/11/19;382;1;4;4
1169;FR0011355791;SANFP 1 11/14/17;382;1;4;4
1170;XS0544546780;SANTAN 4 1/8 10/04/17;385;1;4;4
1171;ES0313440143;SANTAN 4.08 03/23/16;55;1;4;4
1172;XS0828735893;SANTAN 4 5/8 03/21/16;385;1;4;4
1173;XS0877984459;SANTAN 4 01/24/20;385;1;4;4
1174;XS1046276504;SANTAN 1 3/8 03/25/17;385;1;4;4
1175;XS1074244317;SCBNOR 1 06/10/16;384;1;4;4
1176;XS1188117391;SANSCF 0.9 02/18/20;383;1;4;4
1177;XS0920218079;SBAB 1 3/8 05/02/18;388;1;4;4
1178;XS1181873776;SBSG 1 5/8 02/23/18;64;1;4;4
1179;XS0630382538;SCABSS 3 5/8 08/26/16;418;1;4;4
1180;XS0760245539;SCANIA 1 3/4 03/22/16;389;1;4;4
1181;XS0828736198;SCANIA 1 5/8 09/14/17;389;1;4;4
1182;FR0010359687;SCOR 6.154 PERP;392;1;4;4
1183;XS0997941199;SDFGR 3 1/8 12/06/18;270;1;4;4
1184;XS0337453202;SEB 7.0922 PERP;399;1;4;4
1185;XS0628653007;SEB 3 3/4 05/19/16;399;1;4;4
1186;XS0730498143;SEB 3 7/8 04/12/17;399;1;4;4
1187;XS0828014133;SEB 4 09/12/22;399;1;4;4
1188;XS0854425625;SEB 1 7/8 11/14/19;399;1;4;4
1189;XS0972089568;SEB 2 03/18/19;399;1;4;4
1190;XS0751937185;SECUSS 2 3/4 02/28/17;393;1;4;4
1191;XS0828724004;SECUSS 2 1/4 03/14/18;393;1;4;4
1192;XS0984751254;SESGFP 1 7/8 10/24/18;394;1;4;4
1193;FR0010745976;SEVFP 6 1/4 04/08/19;417;1;4;4
1194;FR0010765859;SEVFP 1.904 06/08/27;417;1;4;4
1195;FR0010333385;SGOFP 4 7/8 05/31/16;116;1;4;4
1196;XS0294547285;SGOFP 4 3/4 04/11/17;116;1;4;4
1197;XS0546725358;SGOFP 4 10/08/18;116;1;4;4
1198;XS0683564156;SGOFP 4 1/2 09/30/19;116;1;4;4
1199;XS0490111563;SHBASS 3 3/4 02/24/17;419;1;4;4
1200;XS0732016596;SHBASS 3 3/8 07/17/17;419;1;4;4
1201;XS0794225176;SHBASS 2 1/4 06/14/18;419;1;4;4
1202;XS1014674227;SHBASS 2.656 01/15/24;419;1;4;4
1203;XS0922296883;SIBNEF 2.933 04/26/18;209;1;4;4
1204;XS0266838746;SIEGR 5 1/4 09/14/66;398;1;4;4
1205;XS0369461644;SIEGR 5 5/8 06/11/18;398;1;4;4
1206;XS0413806596;SIEGR 5 1/8 02/20/17;398;1;4;4
1207;XS0630817442;SKFBSS 3 7/8 05/25/18;400;1;4;4
1208;XS0827529198;SKFBSS 1 7/8 09/11/19;400;1;4;4
1209;XS0995382446;SLB 1 1/2 03/04/19;390;1;4;4
1210;XS0295383524;SLHNVX 5.849 PERP;176;1;4;4
1211;XS0506435576;SMINLN 4 1/8 05/05/17;401;1;4;4
1212;FR0010000448;SNCF 4 3/8 07/10/18;403;1;4;4
1213;XS0714735890;DEVOBA 6 5/8 11/30/16;405;1;4;4
1214;FR0000487886;SOCGEN 5 7/8 12/21/16;407;1;4;4
1215;FR0010522631;SOCGEN 5.129 09/21/17;406;1;4;4
1216;XS0351258255;SOCGEN 5.849 03/26/18;407;1;4;4
1217;XS0383634762;SOCGEN 6 1/8 08/20/18;407;1;4;4
1218;XS0542607683;SOCGEN 3 1/8 09/21/17;407;1;4;4
1219;XS0559668933;SOCGEN 3.31 11/23/17;407;1;4;4
1220;XS0618909807;SOCGEN 4 04/20/16;407;1;4;4
1221;XS0751525311;SOCGEN 3 3/4 03/01/17;407;1;4;4
1222;XS0821220281;SOCGEN 2 3/8 02/28/18;407;1;4;4
1223;XS0876828541;SOCGEN 2 1/4 01/23/20;407;1;4;4
1224;BE0374557404;SOLBBB 4 5/8 06/27/18;409;1;4;4
1225;XS0254808214;SOLBBB 6 3/8 06/02/04;408;1;4;4
1226;XS0992293570;SOLBBB 4.199 PERP;408;1;4;4
1227;XS0551556409;SRBANK 3 1/2 04/21/16;411;1;4;4
1228;XS0762421195;SRBANK 3 1/2 03/27/17;411;1;4;4
1229;XS0853250271;SRBANK 2 05/14/18;411;1;4;4
1230;XS0876758664;SRBANK 2 1/8 02/03/20;411;1;4;4
1231;XS0965489239;SRBANK 2 1/8 02/27/19;411;1;4;4
1232;XS0253627136;SRENVX 5.252 PERP;177;1;4;4
1233;XS0803479442;SRGIM 4 3/8 07/11/16;402;1;4;4
1234;XS0806449814;SRGIM 5 01/18/19;402;1;4;4
1235;XS0829183614;SRGIM 3 7/8 03/19/18;402;1;4;4
1236;XS0853682069;SRGIM 3 1/2 02/13/20;402;1;4;4
1237;XS0914292254;SRGIM 2 3/8 06/30/17;402;1;4;4
1238;XS1061410962;SRGIM 1 1/2 04/24/19;402;1;4;4
1239;XS0829343598;SSELN 5 5/8 PERP;412;1;4;4
1240;XS0732522965;STANLN 4 1/8 01/18/19;414;1;4;4
1241;XS0849677348;STANLN 1 3/4 10/29/17;414;1;4;4
1242;XS0995417846;STANLN 1 5/8 11/20/18;414;1;4;4
1243;XS0292873683;STATK 4 5/8 09/22/17;415;1;4;4
1244;XS0421565150;STATK 6 5/8 04/02/19;415;1;4;4
1245;XS0543710395;STOAU 8 1/4 09/22/70;387;1;4;4
1246;XS1184885041;STSHIP 1.7 02/19/18;143;1;4;4
1247;FR0010224337;SUFP 4 08/11/17;391;1;4;4
1248;FR0010922542;SUFP 2 7/8 07/20/16;391;1;4;4
1249;FR0011075183;SUFP 3 3/4 07/12/18;391;1;4;4
1250;FR0011119460;SUFP 3 1/2 01/22/19;391;1;4;4
1251;XS0351738033;SVTLN 5 1/4 03/11/16;395;1;4;4
1252;XS0740788699;SWEDA 3 3/8 02/09/17;420;1;4;4
1253;XS0768453101;SWEDA 2 3/8 04/04/16;420;1;4;4
1254;XS0861583887;SWEDA 3 12/05/22;420;1;4;4
1255;XS0875339995;SWEDA 1 1/8 01/18/17;420;1;4;4
1256;XS1036494638;SWEDA 2 3/8 02/26/24;420;1;4;4
1257;XS1045283766;SWEDA 1 1/2 03/18/19;420;1;4;4
1258;XS0562188580;SWEMAT 3 7/8 11/24/17;421;1;4;4
1259;XS0982551417;SYDBDC 1 1/2 10/17/16;423;1;4;4
1260;XS0606202454;SZUGR 4 1/8 03/29/18;416;1;4;4
1261;XS0593960304;TDCDC 4 3/8 02/23/18;424;1;4;4
1262;XS0419264063;TELEFO 5.496 04/01/16;426;1;4;4
1263;XS0462999573;TELEFO 4.693 11/11/19;426;1;4;4
1264;XS0540187894;TELEFO 3.661 09/18/17;426;1;4;4
1265;XS0746276335;TELEFO 4.797 02/21/18;426;1;4;4
1266;XS0842214818;TELEFO 4.71 01/20/20;426;1;4;4
1267;XS0934042549;TELEFO 2.736 05/29/19;426;1;4;4
1268;XS0301954771;TELNO 4 7/8 05/29/17;428;1;4;4
1269;XS0798788716;TELNO 1 3/4 01/15/18;428;1;4;4
1270;XS0484213268;TENN 6.655 PERP;432;1;4;4
1271;XS0593606550;TENN 3 7/8 02/21/18;432;1;4;4
1272;XS0765295828;TEVA 2 7/8 04/15/19;435;1;4;4
1273;XS0210629522;TKAAV 4 1/4 01/27/17;427;1;4;4
1274;XS0292607701;TLSAU 4 3/4 03/21/17;431;1;4;4
1275;XS0289507997;TELIAS 4 3/4 03/07/17;430;1;4;4
1276;XS0592627003;TELIAS 4 1/4 02/18/20;430;1;4;4
1277;XS1033658565;TELIAS 1 3/8 02/18/19;430;1;4;4
1278;XS0303256050;TOTAL 4.7 06/06/17;437;1;4;4
1279;XS0410303647;TOTAL 4 7/8 01/28/19;437;1;4;4
1280;XS0881360555;TOYOTA 1 1/4 08/01/17;439;1;4;4
1281;XS0436320278;TRNIM 4 7/8 10/03/19;434;1;4;4
1282;XS0747771128;TRNIM 4 1/8 02/17/17;434;1;4;4
1283;XS0843310748;TRNIM 2 7/8 02/16/18;434;1;4;4
1284;XS0435276224;TVOYFH 6 06/27/16;433;1;4;4
1285;XS0740810881;TVOYFH 4 5/8 02/04/19;433;1;4;4
1286;XS0986090164;UBIIM 2 3/4 04/28/17;450;1;4;4
1287;XS0304031775;UBS 4 3/4 06/07/17;442;1;4;4
1288;XS0359388690;UBS 6 04/18/18;443;1;4;4
1289;XS0207065110;UCGIM 4 3/8 01/29/20;449;1;4;4
1290;XS0754588787;UCGIM 4 7/8 03/07/17;449;1;4;4
1291;DE000A1G3U23;UCGIM 3 1/2 05/04/16;446;1;4;4
1292;IT0004854060;UCGIM 0 10/31/17;449;1;4;4
1293;XS0863482336;UCGIM 3 3/8 01/11/18;449;1;4;4
1294;XS1004918774;UCGIM 2 1/4 12/16/16;449;1;4;4
1295;IT0004984198;UCGIM 2 07/31/17;449;1;4;4
1296;XS1078760813;UCGIM 1 1/2 06/19/19;449;1;4;4
1297;XS0452418238;ULFP 4 5/8 09/23/16;445;1;4;4
1298;XS0686597286;ULFP 3 1/2 04/06/16;445;1;4;4
1299;XS0718969271;ULFP 3 7/8 12/13/17;445;1;4;4
1300;XS0761713865;ULFP 3 03/22/19;445;1;4;4
1301;XS0811116853;ULFP 2 1/4 08/01/18;445;1;4;4
1302;XS0850006593;ULFP 1 5/8 06/26/17;445;1;4;4
1303;XS0978619194;ULFP 1 7/8 10/08/18;445;1;4;4
1304;XS0210237011;UU 4 1/4 01/24/20;451;1;4;4
1305;XS1077629225;VAKBN 3 1/2 06/17/19;441;1;4;4
1306;XS0497362748;VALEBZ 4 3/8 03/24/18;453;1;4;4
1307;XS0170239692;VATFAL 5 06/18/18;456;1;4;4
1308;XS0401891733;VATFAL 6 3/4 01/31/19;456;1;4;4
1309;XS0417208161;VATFAL 5 1/4 03/17/16;456;1;4;4
1310;XS0439828269;VERAV 4 3/4 07/16/19;458;1;4;4
1311;XS1089859505;VESTNL 1 3/4 07/22/19;459;1;4;4
1312;FR0000474983;VIEFP 5 3/8 05/28/18;457;1;4;4
1313;FR0010397927;VIEFP 4 3/8 01/16/17;457;1;4;4
1314;FR0010750489;VIEFP 6 3/4 04/24/19;457;1;4;4
1315;FR0010762732;VIEFP 5.7 06/29/17;457;1;4;4
1316;AT0000A09SA8;VIGAV 8 PERP;460;1;4;4
1317;FR0010830034;VIVFP 4 7/8 12/02/19;462;1;4;4
1318;FR0010830042;VIVFP 4 1/4 12/01/16;462;1;4;4
1319;FR0010878751;VIVENDI 4% 03/17;462;1;4;4
1320;FR0011302793;VKFP 3 1/4 08/02/19;455;1;4;4
1321;XS0302948319;VLVY 5 05/31/17;468;1;4;4
1322;XS0858089740;VLVY 2 3/8 11/26/19;468;1;4;4
1323;XS0169888558;VOD 5 06/04/18;463;1;4;4
1324;XS0257807957;VOD 4 3/4 06/14/16;463;1;4;4
1325;XS0306488627;VOITGR 5 3/8 06/21/17;464;1;4;4
1326;DE000A0LPYW7;VORHYP 4 1/8 03/20/17;470;1;4;4
1327;XS1070100257;VORHYP 1 1/2 05/22/19;248;1;4;4
1328;XS0505532134;VOTORA 5 1/4 04/28/17;471;1;4;4
1329;XS0168881760;VW 5 3/8 05/22/18;466;1;4;4
1330;XS0633111207;VW 3 3/8 06/03/16;467;1;4;4
1331;XS0702452995;VW 3 1/4 05/10/18;467;1;4;4
1332;XS0731681556;VW 3 1/4 01/21/19;466;1;4;4
1333;XS0782708456;VW 1 7/8 05/15/17;466;1;4;4
1334;XS0873793375;VW 2 01/14/20;466;1;4;4
1335;XS0909787300;VW 1 10/26/16;466;1;4;4
1336;XS0927639780;VW 1 1/8 02/08/18;465;1;4;4
1337;XS0968913268;VW 3 7/8 PERP;466;1;4;4
1338;XS1031018911;VW 1 1/2 02/13/19;465;1;4;4
1339;XS1050916649;VW 1 10/04/17;467;1;4;4
1340;XS0262913998;WFC 4 3/8 08/01/16;473;1;4;4
1341;XS0273766732;WFC 4 1/8 11/03/16;473;1;4;4
1342;XS0275769403;WFC 4 3/8 11/27/18;472;1;4;4
1343;DE000A1YC8M0;WLBANK 1 1/8 03/25/19;478;1;4;4
1344;XS0362329517;WPPLN 6 5/8 05/12/16;480;1;4;4
1345;XS0453410978;WSTP 4 1/4 09/22/16;475;1;4;4
1346;XS0478736654;WSTP 4.405 01/21/20;475;1;4;4
1347;XS0494870701;WSTP 3 7/8 03/19/17;476;1;4;4
1348;XS0630545852;WSTP 4 1/8 05/25/18;475;1;4;4
1349;XS0625977987;WURTH 3 3/4 05/25/18;481;1;4;4
1350;XS1046237431;YBS 2 1/8 03/18/19;482;1;4;4
1351;XS0979598207;ZAPAEN 2 7/8 10/14/18;483;1;4;4
1352;XS1148166710;ZURNVX 0.848 12/04/19;484;1;4;4
1353;ES0000012411;SPGB 5 3/4 07/30/32;86;1;2;2
1354;IT0003685093;ITALY 5.2 07/31/34;264;1;2;2
1355;XS1180157544;ITALY 1.862 02/02/28;264;1;2;2
1356;XS0433152690;MCD 4 1/4 06/10/16;301;1;4;4
1357;XS1195201931;TOTAL 2 1/4 PERP;438;1;4;4
1358;DE000A1RE1Q3;ALLIANZ 17/10/2042;26;1;4;4
1359;IT0004849318;ISPIM 4.8% 10/2017;260;1;4;4
1360;IT0004871965;ISPIM 3.7% 01/2019;260;1;4;4
1361;IT0004909013;ISPIM 2.8% 05/2018;260;1;4;4
1362;XS1050547857;MS 2.375% 31/03/2021;314;1;4;4
1363;XS0611783928;RESFER 4 1/4 10/07/26;404;1;4;4
1364;SWAP00083600;#N/A Invalid Security;485;6;9;10
1365;A10061;CAPENERGIE IIIB;485;3;5;5
1366;SWAP00083603;#N/A Invalid Security;485;6;9;10
1367;SWAP00083605;#N/A Invalid Security;485;6;9;10
1368;SWAP00095449;#N/A Invalid Security;485;6;9;10
1369;XS1064100115;JP MORGAN 05/2019;269;1;4;4
1370;LU1135865084;LYXOR ETF S&P500;485;2;12;13
1371;LU1103155468;AMUNDI EQ MINVAR;485;4;6;17
1372;DE0009750554;QUONIAM MINVAR EUR;485;4;6;17
1373;FR0010965137;CPR CROISSANCE I;485;3;13;14
1374;FR0000186413;OATi 3.40%  07/2029;203;1;2;9
1375;IT0004887896;ISPIM 3.1% 02/2019;260;1;4;4
1376;IT0004898273;ISPIM 3.2% 04/2019;260;1;4;4
1377;FR0011033851;CNP ASS. 6.875% SUB;121;1;4;4
1378;FR0011372622;AUCHAN 2.375 12/2022;47;1;4;4
1379;FR0012649333;AFLBNK 0.375 03/2022;15;1;4;4
1380;XS0847433561;BNPP 2.875% 10/2022;83;1;4;4
1381;XS1206712868;CARREFOUR 20/03/2020;107;1;4;4
1382;DE0001102309;DBR 1 1/2 02/15/23;97;1;2;2
1383;XS1000918018;DREYFUS 4% 12/2020;293;1;4;4
1384;XS1032978345;GS 2.5% 10/2021;223;1;4;4
1385;LU0212993595;AXA WF Micro Cap EUR;485;4;6;6
1386;LU0095827381;NATIXIS EUR SMALLER;485;4;6;6
1387;IT0005090318;BTPS 1 1/2 06/01/25;98;1;2;2
1388;USF8586CAM4S;SOCGEN 3 1/2 01/15/16;485;1;4;18
1389;USL2967VEB7S;ENELIM 3 7/8 10/07/14;182;1;4;18
1390;US05568HAA33;BNP 4.8 06/24/15;83;1;4;4
1391;US05568HAA3S;BNP 4.8 06/24/15;83;1;4;18
1392;US87927VAL2S;TITIM 4.95 09/30/14;425;1;4;18
1393;GRS352003008;ELEKTRONIKI SA;485;4;7;7
1394;BE0005632063;DECEUNINCK VVPR;485;4;7;7
1395;A10070;ARDIAN FUND IV;485;3;5;5
1396;XS1144084099;AT&T FLOAT 06/2019;44;1;4;4
1397;FR0013084407;GEM ACTIONS EUR;485;4;6;6
1398;LU1308664413;ARISTOTLE US-IEU;485;2;12;13
1399;A10066;KEENSIGHT IV;485;3;5;5
1400;DE000A2AA1F8;DB 1 1/4 09/08/21;154;1;4;4
1401;XS0882849507;GS 3.25% 02/2023;223;1;4;4
1402;DE0001102366;BUND 1% 15/08/2024;97;1;2;2
1403;XS1115479559;CREDIT SUI. 01/2022;140;1;4;4
1404;DE0001102390;BUND 0.5% 02/2026;97;1;2;2
1405;XS1169630602;CREDIT AGRI 01/2022;135;1;4;4
1406;XS1110299036;SAMPO 09/2021;381;1;4;4
1407;XS1385051112;BARCLAYS 1.875 03/21;66;1;4;4
1408;A10075;FASO IV;485;3;5;5
1409;A10080;FCT TIKEHAU SENIOR;485;1;1;1
1410;DE0001102374;BUND 0.5% 02/2025;97;1;2;2
1411;XS0874864860;TELEFONICA 3.987%;426;1;4;4
1412;XS1292384960;APPLE 1.375% 1712024;39;1;4;4
1413;XS1379171140;MS 1.75% 11/03/2024;314;1;4;4
1414;A10085;IDINVEST.S.F. III;485;3;5;5
1415;XS1456422135;JP MORGAN 0.625%;269;1;4;4
1416;XS1501167164;TOTAL 2.708% PERP;438;1;4;4
1417;XS1139688268;BG ENERGY 11/2022;76;1;4;4
1418;XS1514149159;WHR 1 1/4 11/02/26;477;1;4;4
1419;FR0013200813;OAT 0.25% 25/11/2026;203;1;2;2
1420;XS1290850707;BOFA 1.625% 09/2022;59;1;4;4
1421;A10092;OMNES CROISSANCE 4;485;3;5;5
1422;A10093;OMNES CROISSANCE 4 B;485;3;5;5
1423;FR0010717116;AMUNDI MSCI VALUE;485;4;6;6
1424;NL0010733424;NETHERLANDS 07/2024;328;1;2;2
1425;NL0011819040;NETHERLANDS 07/2026;328;1;2;2
1426;FI4000210620;EVLI EUROPE FUND;485;4;6;6
1427;XS1550951641;SANTANDER 01/2022;383;1;4;4
1428;FR0011982776;FRTR 0.7 07/25/30;203;1;2;9
1429;DE0001030559;DBRI 0 1/2 04/15/30;159;1;2;9
1430;A10064;FCT CM CIC DBT FUND2;485;1;1;1
1431;A10095;FCT IDS DS IV;485;1;1;1
1432;A10097;ANTIN INFRAST  III;485;3;5;5
1433;DE0001102408;BUND 0 08/2026;97;1;2;2
1434;XS1560862580;BOFA Float 02/2022;59;1;4;4
1435;XS0878743623;AXA SUB 07/2043;52;1;4;4
1436;XS1577427526;GS FLOAT 09/2022;223;1;4;4
1437;XS1069521083;CREDIT AGRI. 05/2024;135;1;4;4
1438;XS1401331753;CARREFOUR 04/2024;108;1;4;4
1439;FR0010800540;EDF 4.625% 09/2024;173;1;4;4
1440;XS1531174388;BARCLAYS 12/2023;66;1;4;4
1441;XS1603892065;MORGAN STANLEY Float;314;1;4;4
1442;FR0013257615;MCFP 0 3/8 05/26/22;295;1;4;4
1443;FR0011720960;Roche Brune EURO;485;4;6;6
1444;XS1069549761;BFCM 05/2024;61;1;4;4
1445;XS1310493744;JPMORGAN 10/2022;269;1;4;4
1446;FR0013258936;CM ARKEA 05/2024;139;1;4;4
1447;XS1457608013;CITI 0.75% 10/2023;119;1;4;4
1448;FR0013259223;ROCHE BRUNE EURO;485;4;6;6
1449;XS1586146851;SOCGEN Float 04/2022;407;1;4;4
1450;FR0013165099;ABN AMRO CONVERTIBLE;485;1;11;12
1451;FR0013282571;VIVFP 0 7/8 09/18/24;462;1;4;4
1452;BE0002266352;KBC GROUP 10/2023;272;1;4;4
1453;XS1421827269;SWISS RE 05/2023;422;1;4;4
1454;XS0867612466;SOCGEN 4 06/07/23;407;1;4;4
1455;XS1547407830;BNPP 1.125% 10/2023;83;1;4;4
1456;FR0013276003;AMUNDI JAPAN;485;2;3;3
1457;FR0013123379;EMZ 8;485;3;5;5
1458;LU1689651096;FIDELITY ASIA EUR;485;2;3;3
1459;LU1218208467;INVESCO PAN EUR Dist;485;4;6;17
1460;LU0528104002;AB FCP EURO EQ I;485;4;6;6
1461;FR0013286838;BQE POSTALE 10/2024;281;1;4;4
1462;FR0013286192;OAT 0.75% 25/05/2028;203;1;2;2
1463;XS1560991637;LOUIS DREY. 02/2022;293;1;4;4
1464;XS1651453729;NATIONWIDE 07/2029;323;1;4;4
1465;CH0341440334;UBS 1.5% 11/2024;444;1;4;4
1466;FR0013291556;CM ARKEA 10/2029;139;1;4;4
1467;XS1564394796;ING 2.5% 02/2029 SUB;258;1;4;4
1468;XS0811555183;HEIANA 2 7/8 08/04/25;230;1;4;4
1469;FR0013241361;RENAUL 1 3/8 03/08/24;366;1;4;4
